-- phpMyAdmin SQL Dump
-- version 4.7.0
-- https://www.phpmyadmin.net/
--
-- Host: 127.0.0.1
-- Generation Time: May 15, 2019 at 09:52 PM
-- Server version: 5.7.17
-- PHP Version: 7.1.3

SET SQL_MODE = "NO_AUTO_VALUE_ON_ZERO";
SET AUTOCOMMIT = 0;
START TRANSACTION;
SET time_zone = "+00:00";


/*!40101 SET @OLD_CHARACTER_SET_CLIENT=@@CHARACTER_SET_CLIENT */;
/*!40101 SET @OLD_CHARACTER_SET_RESULTS=@@CHARACTER_SET_RESULTS */;
/*!40101 SET @OLD_COLLATION_CONNECTION=@@COLLATION_CONNECTION */;
/*!40101 SET NAMES utf8mb4 */;

--
-- Database: `api-cavalo-trucado`
--

-- --------------------------------------------------------

--
-- Table structure for table `caminhao`
--

CREATE TABLE `caminhao` (
  `id_caminhao` int(11) NOT NULL,
  `id_user` int(11) NOT NULL,
  `id_marca` int(11) NOT NULL,
  `nome_caminhao` varchar(200) COLLATE utf8_unicode_ci NOT NULL,
  `foto_perfil_caminhao` varchar(250) COLLATE utf8_unicode_ci NOT NULL,
  `foto_banner_caminhao` varchar(200) COLLATE utf8_unicode_ci NOT NULL,
  `ano` varchar(20) COLLATE utf8_unicode_ci NOT NULL,
  `valor` varchar(100) COLLATE utf8_unicode_ci NOT NULL,
  `desc_caminhao1` varchar(255) COLLATE utf8_unicode_ci NOT NULL,
  `desc_caminhao2` varchar(255) COLLATE utf8_unicode_ci NOT NULL,
  `desc_caminhao3` varchar(255) COLLATE utf8_unicode_ci NOT NULL,
  `desc_caminhao4` varchar(255) COLLATE utf8_unicode_ci NOT NULL,
  `fita` varchar(100) COLLATE utf8_unicode_ci NOT NULL,
  `descricao_grande` text COLLATE utf8_unicode_ci NOT NULL,
  `banner` int(1) NOT NULL DEFAULT '0',
  `vendido` int(1) NOT NULL DEFAULT '0',
  `ativo` int(1) NOT NULL DEFAULT '0',
  `createdAt` datetime NOT NULL,
  `updatedAt` datetime NOT NULL
) ENGINE=InnoDB DEFAULT CHARSET=utf8 COLLATE=utf8_unicode_ci;

--
-- RELATIONSHIPS FOR TABLE `caminhao`:
--   `id_user`
--       `users` -> `id`
--   `id_marca`
--       `marcas` -> `id_marca`
--

--
-- Dumping data for table `caminhao`
--

INSERT INTO `caminhao` (`id_caminhao`, `id_user`, `id_marca`, `nome_caminhao`, `foto_perfil_caminhao`, `foto_banner_caminhao`, `ano`, `valor`, `desc_caminhao1`, `desc_caminhao2`, `desc_caminhao3`, `desc_caminhao4`, `fita`, `descricao_grande`, `banner`, `vendido`, `ativo`, `createdAt`, `updatedAt`) VALUES
(1, 1, 2, 'VM 310', '01_vm310.jpg', '01_vm310_b.jpg', '2008/2008', 'R$ 68.000,00', '500.000 KM', 'BOM DE PNEUS', 'VIDROS ELÉTRICOS', 'MECÂNICA EM DIA', '', '- 2008/2008<br>\n- 500.000 KM<br>\n- BOM DE PNEUS<br>\n- VIDROS ELÉTRICOS<br>\n- MECÂNICA EM DIA<br>\n- TEMOS 05 UNIDADES<br>\n- ENTREGA IMEDIATA<br>\n- Johan\n', 0, 1, 1, '0000-00-00 00:00:00', '0000-00-00 00:00:00'),
(2, 1, 5, 'Axor 2540', '02_axor_2540.jpg', '02_axor_2540_b.jpg', '2008', 'Sob Consulta', '6x2', 'Boa mecanica', 'Pneus bons', 'Original', '', 'Caminhão de procendencia, bom de mecanica, bom de pneus, original, não bateu', 0, 1, 0, '0000-00-00 00:00:00', '0000-00-00 00:00:00'),
(3, 1, 5, 'Actros 2646', '03_actros_2646.jpg', '03_actros_2646_b.jpg', '2011', 'R$ 150.000,00', 'Completo', 'Revisado', 'Caixa automática', 'Unidades injetoras feita este ano ', '', 'completo, ar condicionado, automático, revisado caixa automática e diferenciais, unidades injetoras feita este ano. Em SC.', 0, 1, 1, '0000-00-00 00:00:00', '0000-00-00 00:00:00'),
(4, 1, 5, '1938LS', '04_1938ls.jpg', '04_1938ls_b.jpg', '1999', 'Apenas R$ 80.000,00', '6x2', 'Motor Feito', 'Caixa Revisada', 'Pneu Bom', 'OFERTA', 'MOTOR FEITO, REVISADO CAIXA, BOM DE PNEUS, SÓ PUXOU PRANCHA', 0, 1, 1, '0000-00-00 00:00:00', '0000-00-00 00:00:00'),
(5, 1, 3, 'Stralis 420', '05_stralis.jpg', '05_stralis_b.jpg', '2008', 'Sob Consulta', 'Motor feito', 'Caixa Revisado', 'Diferenciais Revisado', '', 'TOP DE LINHA', 'Motor feito, caixa e diferenciais revisado Paraná', 0, 1, 1, '0000-00-00 00:00:00', '0000-00-00 00:00:00'),
(6, 1, 6, 'Cargo 2428', '06_cargo_2428.jpg', '06_cargo_2428_b.jpg', '2008/2009', 'R$ 105.000,00', 'Eixo Direcional', 'Vendido no chassi', 'Motor feito', 'Caixa e diferencial revisado', '', 'Segue em anexo foto do caminhão 2428 / 08-09 com eixo direcional, será vendido no chassi. Motor feito, caixa e diferencial revisado, 2 pneus novos na dianteira\r\n<BR><BR>\r\nAs duas portas tem um pequeno detalhe.\r\n<BR><BR>\r\nPreço custo do Caminhão 105.000,00,  pra pagamento nesta semana.\r\n<BR><BR>\r\n\r\nEntre em contato comigo por e-mail ou wats (47) 9640-8959 tim, estou fora de area de celular', 0, 1, 1, '0000-00-00 00:00:00', '0000-00-00 00:00:00'),
(7, 1, 1, 'G 420', '07_g420_p.jpg', '07_g420_b.jpg', '2010', 'Sob Consulta', 'Boa Mecanica', 'Completa', '6x2', '2010', 'Boa Mecanica', '', 0, 1, 1, '0000-00-00 00:00:00', '0000-00-00 00:00:00'),
(8, 1, 1, 'P 114 340', '08_p340_p.jpg', '08_p340_b.jpg', '2010', 'R$ 135.000,00', 'Completa', 'Ar Condicionado', 'Bons Pneus', 'Boa Mecanica', '', '2010, completa, ar condicionado, boaa de pneus e mecanica', 0, 1, 1, '0000-00-00 00:00:00', '0000-00-00 00:00:00'),
(9, 1, 1, 'G 380', '09_g380_p.jpg', '09_g380_b.jpg', '2010', 'R$ 150.000,00', '6x2', '2010', 'Em Curitiba', '', '', '', 0, 1, 1, '0000-00-00 00:00:00', '0000-00-00 00:00:00'),
(10, 1, 2, 'VM 310', '10_vm310_p.jpg', '10_vm310_b.jpg', '2008', 'R$ 72.000,00', '500.000 KM', 'Pneus Bons', 'Mecânica em dia', 'Vidros elétricos ', '5 unidades', '<p><strong>2008/2008</strong><br>\n<strong>500.000 KM</strong><br>\n<strong>BOM DE PNEUS</strong><br>\n<strong>VIDROS ELÉTRICOS<br>\n</strong><strong>MECÂNICA EM DIA<br>\n</strong><strong>TEMOS 05 UNIDADES</strong><br>\n<strong style=\"color: #820103; font-size: 24px;\">ENTREGA IMEDIATA</strong></p>', 0, 1, 1, '0000-00-00 00:00:00', '0000-00-00 00:00:00'),
(11, 1, 1, '113', '11_113_p.jpg', '11_113_b.jpg', '1994', 'R$ 75.000,00', 'Ar condicionado', 'Truck de balança', 'Interior novo', 'Bons pneus e mecânica ', 'EM SC', 'Revisado caixa e diferencial nota fiscal de 16.000,00<BR>\r\nAr condicionado, truck de balança, rodas de alumínio tração e truck, interior novo, muito boa de mecânica, bom de pneus.', 0, 1, 1, '0000-00-00 00:00:00', '0000-00-00 00:00:00'),
(12, 1, 3, 'Stralis hd 380', '12_stralis-hd380_p.jpg', '12_stralis-hd380_b.jpg', '2007', 'R$ 80.000,00', 'Excelente mecânica', 'Pneus ótimos', 'Todo selado', 'Interior bem conservado', '2 unidades', 'Caminhao impecavel exelente mecanica<br>\r\nPneus bons 80%<br>\r\nTodo selado<br>\r\nInterior bem conservado<br>\r\n<strong>Puxava saider</strong><br>\r\n2 unidades<br>\r\nR$ 80.000', 0, 1, 1, '0000-00-00 00:00:00', '0000-00-00 00:00:00'),
(13, 1, 2, 'FH 440', '13_fh440_p.jpg', '13_fh440_b.jpg', '2009', 'R$ 148.000,00', 'Ishift', '6x2', 'Ar condicionado', '', '', 'Caminhão foi trocado unidades, feito bronzinamento, revisado motor completo, e revisado caixa interira ( esta com 80.000 km depois de feito )\r\n<br>\r\nManutenção em dia desde de 0km, único dono, muito conservado. Esta no paraná', 0, 1, 1, '0000-00-00 00:00:00', '0000-00-00 00:00:00'),
(14, 1, 1, 'P 340', '14_p340_p.jpg', '14_p340_b.jpg', '2006', 'R$ 95.000,00', 'Motor com 100.000km (feito completo)', 'Diferencial novo da 360 mais longo', 'Interior novo', 'Caixa foi revisada', 'Km baixo', 'Motor com 100.000km (feito completo)<BR>\r\nDiferencial novo da 360 mais longo<BR>\r\ninterior novo<BR>\r\nCaixa foi revisada<BR>\r\nBom de pneus<BR>\r\nNunca bateu<BR>\r\n\r\n<strong>Segundo dono</strong>', 0, 1, 1, '0000-00-00 00:00:00', '0000-00-00 00:00:00'),
(15, 1, 3, 'Stralis NR 410', '15_stralisnr_p.jpg', '15_stralisnr_b.jpg', '2011', 'R$ 120,000.00', 'Revisado', 'Único dono', 'Teto alto', 'Só puxou sider', '', 'teto alto, plano de manutenção em concessionaria, revisado, unico dono, só puxou sider, interior original sem detalhes, caminhão pra cliente exigente', 0, 1, 1, '0000-00-00 00:00:00', '0000-00-00 00:00:00'),
(16, 1, 5, 'MB 2040', '16_mb2040_p.jpg', '16_mb2040_p.jpg', '2008', 'R$ 100.000,00', 'Motor feito recente', 'Revisado caixa e diferencial', 'Pneus bons', 'Interior em estado de 0km', '', '4x2, motor feito recente, revisado caixa e diferencial, bom de pneus, só puxa bau levinho, interior em estado de 0km', 0, 1, 1, '0000-00-00 00:00:00', '0000-00-00 00:00:00'),
(17, 1, 7, '19-330', '17_330_p.jpg', '17_330_b.jpg', '2012', 'R$ 110.000,00', 'Todo original', 'Puxava Saider', 'Sem detalhes', 'Pneus meia vida', '', '4x2<BR>\r\nTeto alto<BR>\r\nTodo original<BR>\r\nBaixo KM<BR>\r\nPuxava saider<BR>\r\nPneus meia vida<BR>\r\nSem detalhes<BR>\r\n<strong>Excelente caminhão</strong>', 0, 1, 1, '0000-00-00 00:00:00', '0000-00-00 00:00:00'),
(18, 1, 5, '2544', '18_2544_p.jpg', '18_2544_b.jpg', '2010', 'R$ 125.000,00', 'Só puxou tanque pra Petrobras', '6x2', 'Manutenção rigorosa', 'Nunca bateu', 'Único dono', 'MB 2544 2009 6x2, teto baixo, manual, único dono, só transportou combustível para Petrobras, revisões e manutenção rigorosa, ótimo de pneus, chassi, interior, gabine selada (já fez unidades, mediu compressão, bronzinas e caixa e revisada)\r\n<BR>\r\nR$ 125.000,00', 0, 1, 1, '0000-00-00 00:00:00', '0000-00-00 00:00:00'),
(19, 1, 7, '25320', '19_25320_p.jpg', '19_25320_b.jpg', '', 'Sob Consulta', 'Teto alto, 6x2', 'Completo', '200.000 KM', 'Temos várias únidades', '', '', 0, 1, 1, '0000-00-00 00:00:00', '0000-00-00 00:00:00'),
(20, 1, 1, 'R440 Highline', '20_440_p.jpg', '20_440_b.jpg', '2010', 'R$ 195.000,00', 'Selado', 'Pneus Bons', 'Completo', 'Ar Condicionado', '', 'SCÂNIA R440 2009/2010 6X4 HIGHLINE, BUG LEVE, SELADO, BOM DE PNEUS, COMPLETO, 650 MIL KM RODADOS, DEFLETOR DE AR, INTER CLIMA, AR CONDICIONADO.', 0, 1, 1, '0000-00-00 00:00:00', '0000-00-00 00:00:00'),
(21, 1, 6, '2428', '21_2428_p.jpg', '21_2428_b.jpg', '2009', 'R$ 95.000,00', 'Baú de 9 metros', 'Ar Condicionado', 'Trocou Kit 100 mil KM', 'Defletor, Rodo ar', '', 'FORD 2428 2009/2009 6X2<BR>\r\nCOM BAÚ DE 9 METROS<BR>\r\nCOM AR CONDICIONADO<BR>\r\nTROCOU KIT 100 MIL KM<BR>\r\n80% DE PNEUS, SELADO<BR>\r\nDEFLETOR, RODO AR<BR>\r\nMUITO BOM DE TUDO<BR>\r\nAPENAS - R$ 95.000,00', 0, 1, 1, '0000-00-00 00:00:00', '0000-00-00 00:00:00'),
(22, 1, 7, '24 250', '22_24250_p.jpg', '22_24250_b.jpg', '2009', 'R$ 120.000,00', 'Cabine Leito', 'Teto Alto', 'Com Baú', 'Selado', '', 'VW 24.250 2009 6X2 CABINE LEITO, TETO ALTO, COM BAÚ, PNEUS NOVO NA DIANTEIRA, PNEUS COM MAIS DE 80% NA TRASEIRA, SELADO, 650 MIL KM RODADOS, INTER CLIMA, DEFLETOR, BAÚ COM PORTA LATERAL - R$120.000,00', 0, 1, 1, '0000-00-00 00:00:00', '0000-00-00 00:00:00'),
(23, 1, 1, 'R 380', '23_r3801_p.jpg', '23_r3801_b.jpg', '2007', 'R$ 130,000.00', 'Boa mecanica', 'Pneus bons', 'Completa', '', '', 'Bom de mecanica, bom de pneus, completo, só rodou na amara frigorífica R$ 130.000,00', 0, 1, 1, '0000-00-00 00:00:00', '0000-00-00 00:00:00'),
(24, 1, 7, '25 370', '24_25370_p.jpg', '24_25370_b.jpg', '2010', 'R$ 120.000,0', 'Motor do MB 1938 Documentado', 'Bom de cabine interna e externa', 'Bom de mecânica', '', '', '<strong>ÓTIMO CAMINHÃO</strong><BR>\r\nMOTOR DO MB 1938 DOCUMENTADO<BR>\r\nBOM DE GABINA INTERNA E EXTERNA<BR>\r\nBOM DE MECÂNICA<BR>\r\nBOM DE PNEUS<BR>\r\nCOM EQUIPAMENTO HIDRÁULICO<BR>\r\nR$ 120.000,00<BR>', 0, 1, 1, '0000-00-00 00:00:00', '0000-00-00 00:00:00'),
(25, 1, 7, '19-320', '25_19320_p.jpg', '25_19320_b.jpg', '2007', 'R$ 75.000,00', 'Câmbio Revisado', 'Motor Novo', 'No Paraná', '', '', 'VW 19-320 4X2 ANO 2007 \r\n<BR>\r\nVALOR R$75,000,00\r\n<BR>\r\nCÂMBIO REVISADO \r\nCOM MOTOR NOVO\r\n<BR><BR>\r\n\r\nCAMINHÃO NO PARANÁ', 0, 1, 1, '0000-00-00 00:00:00', '0000-00-00 00:00:00'),
(26, 1, 5, '1634', '26_1634_p.jpg', '26_1634_b.jpg', '2011', 'R$ 105.000,00', '333,540 Km', 'Único Dono', 'Bons Pneus', '', '', 'MB 1634 4X2 ANO 2010/2011 \r\n<BR><BR>\r\nCAMINHÃO DO FINAL DE 2010 COMEÇOU A RODAR PRATICAMENTE EM 2011\r\n<BR><BR>\r\nKM 333,540<BR>\r\nÚNICO DONO<BR>\r\nMUITO BOM DE PNEUS<BR> \r\nVALOR R$105,000,00', 0, 1, 1, '0000-00-00 00:00:00', '0000-00-00 00:00:00'),
(27, 1, 6, 'Cargo 2429', '27_cargo2429_p.jpg', '27_cargo2429_p.jpg', '2013', 'R$ 160.000,00', '2012/2013', 'Com 4º eixo', 'No chassis', 'Pneus e mecânica ótima', '', '2012/2013<BR>\r\nCOM 4º EIXO<BR>\r\nNO CHASSIS<BR>\r\nPNEUS EM ÓTIMO ESTADO<BR>\r\nTODAS REVISÕES / MECÂNICA EM DIA<BR>\r\n190.000 KM<BR>\r\nREPASSE R$ 160.000,00<BR>', 0, 1, 1, '0000-00-00 00:00:00', '0000-00-00 00:00:00'),
(28, 1, 5, 'L-1620', '28_l1620_p.jpg', '28_l1620_b.jpg', '2011', 'R$ 118.000,00', 'No chassis', '352.00 Km', 'Excelente mecânica', '', '', 'NO CHASSIS<BR>\r\n2011/2011<BR>\r\nKM 352.000<BR>\r\nEXCELENTE MECÂNICA<BR>\r\nMUITO BOM DE PNEUS<BR>\r\nENTREGA IMEDIATA<BR>\r\nREPASSE R$ 118.000,00', 0, 1, 1, '0000-00-00 00:00:00', '0000-00-00 00:00:00'),
(29, 1, 1, 'R 124G', '29_r124g_p.jpg', '29_r124g_b.jpg', '2004', 'R$ 115.000,00', '6x2 teto baixo', 'Bem conservado', 'Bons de pneus', 'Climatizado', '', '6x2 - teto baixo<BR>\r\nBem conservado<BR>\r\nBom de pneus<BR>\r\nClimatizador<BR>\r\nMecânica em dia<BR>\r\nPreço de repasse: R$ 115.000,00 ', 0, 1, 1, '0000-00-00 00:00:00', '0000-00-00 00:00:00'),
(30, 1, 5, 'Atego 2426', '30_artego2426_p.jpg', '30_artego2426_b.jpg', '2012', 'R$ 148.000,00', 'Com baú de 10,5 metros', 'Cabine estendida', 'Ar condicionado', 'Bem conservado', '', 'Com baú de 10,5 metros<BR>\r\nCabine estendida<BR>\r\nAr condicionado<BR>\r\nSofá cama grande<BR>\r\nBem conservado<BR>\r\nBom de pneus<BR>\r\n230.000 km<BR>\r\nPreço de repasse: R$ 148.000,00 ', 0, 1, 1, '0000-00-00 00:00:00', '0000-00-00 00:00:00'),
(31, 1, 3, '240E25', '31_240e25_p.jpg', '31_240e25_b.jpg', '2010', 'R$ 105.000,00', 'Leito', 'Carroceria nova 2014 (era tranque)', '349.000 KMS', 'PNEUS BONS', '', '- IVECO 240E25<BR>\r\n- ANO 2010<BR>\r\n- LEITO<BR>\r\n- CARROCERIA (2014) ERA TANQUE<BR>\r\n- 349.000 KMS<BR>\r\n- PNEUS BONS<BR>\r\n- UNICO DONO<BR>\r\n- VALOR R$ 105.000,00<BR>', 0, 1, 1, '0000-00-00 00:00:00', '0000-00-00 00:00:00'),
(32, 1, 2, 'FH 440', '32_fh440_p.jpg', '32_fh440_b.jpg', '2007', 'R$ 135.000,00', 'Motor feito', 'Revisado', 'Nunca andou pesado', 'Só puxou sider', 'Único dono', 'motor feito, revisado, unico dono, só puxou sider, nunca andou pesado, caminhão de procedência R$ 135.000,00', 0, 1, 1, '0000-00-00 00:00:00', '0000-00-00 00:00:00'),
(33, 1, 3, 'Stralis 460', '33_stralis460_p.jpg', '33_stralis460_b.jpg', '2012', 'Sob consulta', '6x2', 'Completo automático', '300.000 km', 'bug leve', 'Teto alto', '300.000 km, filé automático, completo, 6x4 bug leve', 0, 1, 1, '0000-00-00 00:00:00', '0000-00-00 00:00:00'),
(34, 1, 2, 'FH 440', '34_fh440_p.jpg', '34_fh440_b.jpg', '2009', 'R$ 140.000 MANUAL / R$ 145.000 ISHIFT', '6X2 Teto baixo', 'Boa mecânica', 'Bons Pneus', '15 unidades', '15 unidades', 'VARIAS UNIDADES DE VOLVO FH 440 2009 6X2 TETO BAIXO, BOM DE MECÂNICA, BOM DE PNEUS, CAMINHÃO TRABALHANDO, COM HISTÓRICO DE MANUTENÇÃO, média de 620.000 a 670.000km  R$ 140.000,00 MANUAL E 145.000,00 I-SHIFT', 0, 1, 1, '0000-00-00 00:00:00', '0000-00-00 00:00:00'),
(35, 1, 1, 'P 310', '35_p310_p.jpg', '35_p310_b.jpg', '2013', 'R$ 140.000,00', '4x2 leito', 'Automático', 'Suspensão ar', 'Completo', '', 'Scania P 310 4x2 leito 2013 automático e suspensão ar completo R$ 140.000,00', 0, 1, 1, '0000-00-00 00:00:00', '0000-00-00 00:00:00'),
(36, 1, 7, '18-310', '36_18310_p.jpg', '36_18310_b.jpg', '2004', 'R$ 42.000,00', 'Bom de mecânica', 'Motor 600 mil km', 'Caixa e diferencial com 140 mil km', 'Bom de interior e cabine', '', 'VW 18-310 2003/2004...Precisa de um banho de loja, retoque cabine e chassi e recapar pneus traseiros.Bom de mecânica, motor com 60 mil km (tocado cabeçote), caixa e diferencial com 140 mil km ....esta bem alinhado, bom de interior de cabine... AR gelando!', 0, 1, 1, '0000-00-00 00:00:00', '0000-00-00 00:00:00'),
(37, 1, 3, 'Stralis 420', '37_stralis420_p.jpg', '37_stralis420_b.jpg', '2008', 'R$ 105.000,00', 'Motor feito', 'Diferencial revisado', 'Único dono', 'Nunca bateu', '', 'R$ 105.000,00 motor feito, caixa e  diferencial revisados, bom de pneus, nunca bateu, unico dono filé', 0, 1, 1, '0000-00-00 00:00:00', '0000-00-00 00:00:00'),
(38, 1, 2, 'Volvo FH 380', '38_voltofh_p.jpg', '38_voltofh_b.jpg', '2004', 'R$ 95.000,00', 'Boa mecânica', 'Motor feito', 'Original', 'Nunca bateu', '', 'Volvo FH 380 2004 6x2 teto baixo<br>\r\nMuito bom de mecânica, motor ja fez completo, caixa e diferencial, original, nunca bateu, muito bem cuidado interior, filé R$ 95.000,00', 0, 1, 1, '0000-00-00 00:00:00', '0000-00-00 00:00:00'),
(39, 1, 1, 'Scania G 420', '39_scania420_p.jpg', '39_scania420_b.jpg', '2011', 'R$ 185.000,00', 'Muito nova', 'Revisada', 'Pneus bons', 'Nunca bateu', '', 'Scania G 420 2011 4x2 automática com ar condicionado\r\n<BR>\r\nR$ 185.000,00 muito nova, revisada, boa de pneus, nunca bateu, estado de 0km.', 0, 1, 1, '0000-00-00 00:00:00', '0000-00-00 00:00:00'),
(40, 1, 3, 'Stralis  460', '40_stralis460_p.jpg', '40_stralis460_b.jpg', '2011', 'R$ 125.000,00', 'Manual', 'Geladeira', 'Ótimos pneus', 'Oferta', '', 'Iveco Stralis  460 6x4 2010/11, teto alto, manual, geladeira, muito filé, recheado de pneus, puxava bitrem graneleiro, estética de interior impecável, selado, original, manutenção em concessionaria, preço imbatível R$ 125.000,00\r\n<BR><BR>\r\nFipe R$ 236.000,00 ( mais de 100.000,00 abaixo da tabela )', 0, 1, 1, '0000-00-00 00:00:00', '0000-00-00 00:00:00'),
(41, 1, 2, 'FH 440', '41_fh440_p.jpg', '41_fh440_b.jpg', '2007', 'R$ 130.000,00', 'Todo revisado', 'Garantia de 90 dias', '10 pneus novos', 'Único dono', '', 'Revisado caixa, feito bronzinas e unidades, todo revisado, garantia de 90 dias, 10 pneus novos, entrego polido , lavado higienizado. Unico dono, manutenção rigorosa, nunca bateu, média de  940.000km. Foi feito tudo, caminhão só trabalhar', 0, 1, 1, '0000-00-00 00:00:00', '0000-00-00 00:00:00'),
(42, 1, 5, '2540', '42_mb2540_p.jpg', '42_mb2540_b.jpg', '2008', 'R$ 95.000,00', 'Mecânica 100%', 'Revisada', 'Nunca bateu', 'Tanque adicional', '', 'MB 2540 2008 6x2, mecânica 100% revisada, nunca bateu, tanque adicional', 0, 1, 1, '0000-00-00 00:00:00', '0000-00-00 00:00:00'),
(43, 1, 7, '19320', '43_19320_p.jpg', '43_19320_b.jpg', '2011', 'R$ 100.000,00', 'Só puxou sider leve', 'Baixo KM', 'Pneus bons', 'Várias unidades', '', 'Só rodou no sider levinho, baixo km, bom de pneus e mecânica, algumas unidades ainda\r\n<BR>\r\n<BR>\r\nR$ 100.000,00', 0, 1, 1, '0000-00-00 00:00:00', '0000-00-00 00:00:00'),
(44, 1, 2, 'FH 440', '44_fh440_p.jpg', '44_fh440_b.jpg', '2009', 'R$ 145.000,00', 'Ar Condicionado', 'Plano Volvo de Manutenção', 'Bons Pneus', 'Tanque adicional documentado', 'Único Dono', 'Este fica R$ 145.000,00 manual, com ar condicionado, plano manutenção volvo, bom de pneus, unico dono, com tanque adicional documentado', 0, 1, 1, '0000-00-00 00:00:00', '0000-00-00 00:00:00'),
(45, 1, 2, 'FH 440', '45_fh440_p.jpg', '45_fh440_b.jpg', '2009', 'R$ 140.000,00', 'Plano Ouro Manutenção Volvo', 'Único Dono', 'Tanque adicional', 'Pneus bons', '', 'Plano de manutenção ouro na volvo, unico dono, bom de pneus, tanque adicional.', 0, 1, 1, '0000-00-00 00:00:00', '0000-00-00 00:00:00'),
(46, 1, 1, 'G 380', '46_g380_p.jpg', '46_g380_b.jpg', '2008', 'R$ 148.000,00', 'Boa mecânica', 'Selado', 'Único Dono', 'KM 650.000', '', 'Bom de mecânica, selado, unico dono, km 650.000km, boa de pneus', 0, 1, 1, '0000-00-00 00:00:00', '0000-00-00 00:00:00'),
(47, 1, 1, 'R 124', '47_r124_p.jpg', '47_r124_b.jpg', '2004', 'R$ 110.000,00', 'Boa mecânica', 'Original', 'Selado', 'Único dono', '', 'Boa de mecânica, original, selada, unico dono, R$ 110.000,00', 0, 1, 1, '0000-00-00 00:00:00', '0000-00-00 00:00:00'),
(48, 1, 6, 'Cargo 2428', '48_cargo2428_p.jpg', '48_cargo2428_b.jpg', '2009', 'R$ 115.000,00', 'Pronta entrega', '8x2', '5 unidades', '', '', '', 0, 1, 1, '0000-00-00 00:00:00', '0000-00-00 00:00:00'),
(49, 1, 5, 'L1620', '48_l1620_p.jpg', '48_l1620_b.jpg', '2006', 'Acesse para + detalhes', '6x2', 'Com carroceria ou sem', 'Ótima compra', '', '', '90.000,00 com carroceria ou 85.000 no chaassi', 0, 1, 1, '0000-00-00 00:00:00', '0000-00-00 00:00:00'),
(50, 1, 5, 'Axor 2544S', '50_axor2544_p.jpg', '50_axor2544_b.jpg', '2008', 'R$ 115.000,00', 'Motor sem avarias', '760.00 KM apenas', 'Original', '', '', '- Motor sem avarias aparentes com quilometragem 760.000 original.<BR>\n- Caixa de câmbio e diferencial revisados em condições de uso.<BR>\n- Pneus traseiros (tração)c/ 20% vida.<BR>\n- Pneus traseiros (2º eixo)c/ 20% vida útil.<BR>\n- Pneus dianteiros c/ 80% vida útil.<BR>\n- Interior do veículo perfeito sem avarias.<BR>\n- Cabine bem conservado com reparo realizado na porta do Carneiro (trocou a porta)<BR>\n- Veículo cavalo mecânico.<BR>\n- Veículo em ótimas condições de uso.', 0, 1, 1, '0000-00-00 00:00:00', '0000-00-00 00:00:00'),
(51, 1, 5, 'Axor 2544 S', '51_axor2544_p.jpg', '51_axor2544_b.jpg', '2008', 'R$ 115.000,00', 'Boa mecânica', 'Já revisou caixa e diferencial', 'Fez unidades e revisou turbina', '', '', 'R$ 115.000,00  bom de mecanica, ja revisou caixa e diferencial,  fez unidades e revisou turbina.', 0, 1, 1, '0000-00-00 00:00:00', '0000-00-00 00:00:00'),
(52, 1, 3, 'Iveco NR 410', '52_iveco420_p.jpg', '52_iveco420_b.jpg', '2012', 'R$ 110.000,00', '6x2, teto alto', 'Manutenção ouro Iveco', 'Único dono', 'Revisado', '', 'Iveco Stralis NR 410 2012 6x2 teto alto, completo, manutenção ouro na iveco, só puxou bau leve, bom de pneus, estética, unico dono, média de 600.000km, revisados, interior sem detalhes R$ 110.000,00 minimo pra esta semana, aceita financiamento.', 0, 1, 1, '0000-00-00 00:00:00', '0000-00-00 00:00:00'),
(53, 1, 5, 'Axor 2540', '53_axor2540_p.jpg', '53_axor2540_b.jpg', '2008', 'R$ 105.000,00', 'Mecânica em dia plano ouro MB', 'Tanque adicional', 'Selada', 'Polida e higienizada', '', 'MERCEDES BENZ<BR>\r\nAXOR 2540<BR>\r\n2008/2008<BR>\r\nTETO BAIXO<BR>\r\nMECÂNICA RIGOROSAMENTE EM DIA  PLANO MANUTENÇÃO MB OURO, HISTÓRICO DE TUDO QUE FOI FEITO DESDE DE 0KM, TANQUE ADICIONAL, POLIDA, HIGIENIZADA,SELADA.\r\n<BR><BR>\r\n\r\nENTREGA IMEDIATA\r\nTEMOS VÁRIAS UNIDADES', 0, 1, 1, '0000-00-00 00:00:00', '0000-00-00 00:00:00'),
(54, 1, 2, 'FH 12 380', '54_volvofh12380_p.jpg', '54_volvofh12380_b.jpg', '2004', 'R$ 95.000,00', '6x2', 'Feito parte de cima do motor', 'Revisado cambio e diferencial', 'Entrega imediata', '', 'VOLVO FH 12 380<BR>\r\n6X2<BR>\r\n2004/2004<BR>\r\nFEITO PARTE DE CIMA DO MOTOR<BR>\r\nREVISADO CAMBIO E DIFERENCIAL<BR>\r\nENTREGA IMEDIATA<BR><BR>\r\nEsta precisando colocar 2 pneus novos dianteira e recapar 4 tração, dar um polimento e higienizar. Caminhão original, selado, nunca bateu.\r\n<BR><BR>\r\nR$ 95.000,00', 0, 1, 1, '0000-00-00 00:00:00', '0000-00-00 00:00:00'),
(55, 1, 1, 'R 470 Highline ', '55_r470_p.jpg', '55_r470_b.jpg', '2011', 'R$ 165.000,00', 'Impecável', 'Manutenção scania', 'Completa', 'Puxavam bicaçamba', '', 'Scania R 470 6x4 highline 2011, impecável, puxavam bicaçamba, manutenção scania, completa R$ 165.000,00', 0, 1, 1, '0000-00-00 00:00:00', '0000-00-00 00:00:00'),
(56, 1, 7, '19320', '56_volks19320_p.jpg', '56_volks19320_b.jpg', '2011', 'R$ 110.000,00', '130.00 KM', 'Completo', 'Teto alto', 'Estado de 0 km', '', 'APENAS 103.000 KM, COMPLETO, TETO ALTO, ESTADO DE 0KM\r\n<BR>\r\nR$ 110.000,00', 0, 1, 1, '0000-00-00 00:00:00', '0000-00-00 00:00:00'),
(57, 1, 7, 'FH 420', '57_fh420_p.jpg', '57_fh420_b.jpg', '2012', 'R$ 190.000,00', 'I-Shift', 'Completo', '300 mil Km', 'Selado', '13 unidades', '(13 UNIDADES) \r\n<BR><BR>\r\nFH 420 2012-2012 6X2 GLOBETROTTER, I-SHIFT, COMPLETO, 300 MIL KM RODADOS, SELADO ÚNICO DONO, SEM LC, AR CONDICIONADO, COMPLETO, SEMPRE NA LS CÂMARA FRIA - R$190.000,00 CADA.\r\n<BR><BR>\r\n33% ABAIXO\r\nFIPE - 282 MIL\r\n92 MIL ABAIXO\r\n', 0, 1, 1, '0000-00-00 00:00:00', '0000-00-00 00:00:00'),
(58, 1, 2, 'FH 380', '58_fh380_p.jpg', '58_fh380_b.jpg', '2004', 'R$ 98.000,00', 'Único dono', 'Todo original', 'Todo revisado', 'Com garantia', '', 'FH 380 6X2 2004<BR>\r\nUNICO DONO TODO ORIGINAL<BR>\r\nMECANICA A TODA PROVA, TODO REVISADO, COM GARANTIA<BR>\r\nPNEUS BONS<BR>\r\nLAVADO POLIDO E HIGIENIZADO<BR>\r\nR$ 98.000.00', 0, 1, 1, '0000-00-00 00:00:00', '0000-00-00 00:00:00'),
(59, 1, 1, 'R 380', '59_r380_p.jpg', '59_r380_b.jpg', '2007', 'R$ 105.000,00', 'Todo original', 'Bem cuidado', 'Único dono', 'Mecânica a toda prova', '', 'R380 4X2 2007<BR>\r\nTODA ORIGINAL CAMINHAO BEM CUIDADO<BR>\r\nUNICO DONO<BR>\r\nMECANICA A TODA PROVA <BR>\r\nPNEUS BONS<BR>\r\nINTERIOR BEM CUIDADO <BR>\r\nR$105.000.00', 0, 1, 1, '0000-00-00 00:00:00', '0000-00-00 00:00:00'),
(60, 1, 1, 'P 330', '60_p330_p.jpg', '60_p330_b.jpg', '2004', 'R$ 78.000,00', 'Todo original', 'Mecânica a toda prova', 'Com Garantia', 'Pneus bons', '', 'P330 4X2 2004 <BR>\r\nCAMINHAO TODO ORIGINAL <BR>\r\nTRABALHAVA COM AREIA NAO ERA MINERIO<BR>\r\nMECANICA A TODA PROVA REVISADA COM GARANTIA<BR>\r\nPNEUS BONS<BR>\r\nINTERIOR BEM CUIDADO<BR>\r\nLAVADO POLIDO E HIGIENIZADO.<BR>\r\nR$78.000.00 ', 0, 1, 1, '0000-00-00 00:00:00', '0000-00-00 00:00:00'),
(61, 1, 7, '19-320', '61_19-320_p.jpg', '61_19-320_b.jpg', '2007', 'R$ 72.000,00', '2 pneus novos', 'Foto feito recente', '4x2', '', '', 'VW 19-320 4X2 ANO 2007 \r\n<BR><BR>\r\nCAMINHÃO COM 2 PNEUS NOVOS NA FRENTE RODOU POUCO\r\n4 MAIS DE MEIA VIDA NA TRAÇÃO (RODA MUITO AINDA)\r\n<BR><BR>\r\nCAMINHÃO COM 560,000 KM ( PORÉM MOTOR FOI FEITO RECENTE RODOU 20,000 KM NOVO FEZ TUDO )\r\n<BR><BR>\r\nCAMINHÃO TRABALHANDO VIAJA O BRASIL \r\n<BR><BR>\r\nVALOR R$ 72,000,00\r\n<BR><BR>\r\nCAMINHÃO EM CURITIBA - PR', 0, 1, 1, '0000-00-00 00:00:00', '0000-00-00 00:00:00'),
(62, 1, 5, '2544', '62_2544_p.jpg', '62_2544_b.jpg', '2009', 'Sob Consulta', 'Manutenção em concessionaria', '650.000 km', 'Pneus novos', 'Interior em otimo estado', '', 'manutenção somente em concessionaria, 650.000km, pneus novos, interior em ótimo estado, caminhão só puxou tanque pra petrobras, manutenção rigorosa, <strong>higienizado internamente</strong>', 0, 1, 1, '0000-00-00 00:00:00', '0000-00-00 00:00:00'),
(63, 1, 1, 'P 124 420', '63_p124_p.jpg', '63_p124_b.jpg', '2006', 'R$ 115.000,00', 'Todo revisado', 'Só puxou prancha', 'Bons pneus', 'Único dono', '', '2006, 6x4, bug leve, Só puxou prancha, todo revisado, recheado de pneus, unico dono R$ 115.000,00', 0, 1, 1, '0000-00-00 00:00:00', '0000-00-00 00:00:00'),
(64, 1, 2, 'FH 460', '64_fh460_p.jpg', '64_fh460_b.jpg', '2005', 'R$ 115.000,00', '6x2', 'Apenas 319mil KM', 'Bons pneus', 'Só puxou prancha', '', 'bug leve, 6x4, apenas 319.000km, único dono, selado, bom de pneus, só puxou prancha R$ 115.000,00', 0, 1, 1, '0000-00-00 00:00:00', '0000-00-00 00:00:00'),
(65, 1, 2, 'FH 400', '65_fh400_p.jpg', '65_fh400_b.jpg', '2007', 'R$ 118.000,00', 'Baixo KM 340mil', 'Ótimos de pneus', 'Selado', 'Original', '', 'Baixo km 340.000 km, recheado de pneus, unico dono, só puxou carreta prancha, selado, original, sem detalhes, interior novo, 6x2 R$ 118.000,00', 0, 1, 1, '0000-00-00 00:00:00', '0000-00-00 00:00:00'),
(66, 1, 2, 'FH 400', '66_fh400_p.jpg', '66_fh400_b.jpg', '2008', 'R$ 125.000,00', 'Apenas 240.000 km', 'Estado de 0KM', 'Bons pneus', 'Interior bom', '', 'Apenas 240.000 km, estado de 0km, bom de pneus e interior. 6x2 R$ 125.000,00', 0, 1, 1, '0000-00-00 00:00:00', '0000-00-00 00:00:00'),
(67, 1, 2, 'FH 400', '67_fh400_p.jpg', '67_fh400_b.jpg', '2007', 'R$ 115.000,00', 'Original', '343.000 KM', 'Único dono', 'Selado', '', '6x2, 343.000km original, só puxou prancha, original, unico dono, selado, nunca bateu R$ 115.000,00', 0, 1, 1, '0000-00-00 00:00:00', '0000-00-00 00:00:00'),
(68, 1, 2, 'FH 520 I-Shift', '68_volvo-fh_2011.jpg', '', '2011', 'R$ 200.000,00', '6x4', 'Completo', 'Original', 'Selado', '9 unidades', 'Globetrotter, completo, média de 450.000 a 550.000km, selados, originais, manutenção em dia, nunca bateu R$ 200.000,00 (9 unidades)', 0, 1, 1, '0000-00-00 00:00:00', '0000-00-00 00:00:00'),
(69, 1, 5, 'Actros 2546', '69_actros2546_1.jpg', '', '2010/2011', 'R$ 140.000,00', 'ALTO CONFORTO', 'COMPLETO', 'KM 577.000', 'ÚNICO DONO', '', 'MERCEDES BENZ<BR>\r\nACTROS 2546<BR>\r\nALTO CONFORTO<BR>\r\n2010/2011<BR>\r\nCOMPLETO<BR>\r\nKM 577.000<BR>\r\nÚNICO DONO<BR>\r\nTODAS REVISÕES EM CONCESSIONÁRIA', 0, 1, 1, '0000-00-00 00:00:00', '0000-00-00 00:00:00'),
(70, 1, 3, 'Stralis', '70_stralis_1.jpg', '', '2009', 'Sob Consulta', '6X4', 'Teto Alto', '210.000 KM', 'Condição de consórcio especial', '', ' Iveco Stralis 420 6X4 Teto Alto <br>\r\n        2008/2009<br>\r\n        210.000 KM<br>\r\n       \r\n        condição de consórcio especial', 0, 1, 1, '0000-00-00 00:00:00', '0000-00-00 00:00:00'),
(72, 1, 1, 'Bitrem Guerra', '72_bitrem_1.jpg', '', '2008', 'R$ 42.000,00', 'Graneleiro sem pneus', '&nbsp;', '&nbsp;', '&nbsp;', '', 'Bitrem Guerra 2008 Graneleiro sem pneus R$ 42.000,00', 0, 1, 1, '0000-00-00 00:00:00', '0000-00-00 00:00:00'),
(73, 1, 3, 'Stralis 410', '73_stralis_1.jpg', '73_stralis_b.jpg', '2011', 'R$ 115.000,00', 'Teto Alto', 'Único Dono', 'Só puxou carreta ls', '400.000 km', '', 'Iveco Stralis 410 2011 teto alto, único dono, 400.000 km, só puxou carreta ls, sem detalhes R$ 115.000,00', 0, 1, 1, '0000-00-00 00:00:00', '0000-00-00 00:00:00'),
(74, 1, 1, 'R124 400 LA', '74_124_1.jpg', '', '2003', 'R$ 95.000,00', 'Mecânica 100%', 'Suspenção AR', 'Selada', '', '', 'Scania R124 400 LA 2003, mecânica 100%, Susp ar, selada R$ 95.000,00', 0, 1, 1, '0000-00-00 00:00:00', '0000-00-00 00:00:00'),
(75, 1, 3, '380', '75_stralis_1.jpg', '', '2008', 'R$ 90.000,00', 'Completo', 'Pneus Novos', 'Mecanica 100%', '', '', 'Iveco 380 4x2 power cegonheiro completo com ar unico dono puxou somente cegonha sem detalhes pneus novos lata e chassis sem comentarios mecanica 100% rodas e tanque em aluminio (pegar e rodar) para exigentes... Interior sem detalhes', 0, 1, 1, '0000-00-00 00:00:00', '0000-00-00 00:00:00'),
(76, 1, 1, 'R 420', '76_r420_1.jpg', '', '2006', 'R$ 118.000,00', 'Único Dono', 'Mecânica a prova', 'Pneus Novos', '', '', 'R 124 420 6x2 2006\r\nUnico dono toda original\r\nCom retarder\r\nMecanica a toda prova \r\nCarro novo interior sem detalhes \r\nPuxa caçamba (nao é minerio) transporta calcario\r\nCarro de empresa exelente proscedência \r\nPneus novos na frente e meia vida traçao e truck\r\nSo lavar e rodar...\r\nR$118.000.00', 0, 2, 1, '0000-00-00 00:00:00', '0000-00-00 00:00:00'),
(77, 1, 2, 'FH 380', '77_fh12_1.jpg', '', '2002/2003', 'R$ 70,000.00', '4x2', 'Teto Alto', 'Mecânica 100%', '', '', 'Volvo FH 380 2002 e 2003 4x2 teto alto, filé, mecânica 100%, selado R$ 70.000,00', 0, 2, 1, '0000-00-00 00:00:00', '0000-00-00 00:00:00'),
(78, 1, 2, 'FH 420', '48_fh420_p.jpg', '', '2005', 'R$ 98.000,00', '6x2', 'Teto baixo', 'Revisado', '10 pneus novos', '', 'Volvo FH 420 2005 6x2 teto baixo, revisado, 10 pneus novos, cubo redutor R$ 98.000,00', 0, 2, 1, '0000-00-00 00:00:00', '0000-00-00 00:00:00'),
(79, 1, 1, 'R 380', '79_380_p.jpg', '', '2006', 'R$ 125.000,00', 'Revisada', 'Único dono', 'Pneus bons', 'Interior 10', '', 'Scania R 380 2006 6x2 , filé, revisada, historico de manutenção na scania, só rodou na ls, unico dono, interior nota 10, boa de pneus  R$ 125.000,00', 0, 2, 1, '0000-00-00 00:00:00', '0000-00-00 00:00:00'),
(80, 1, 1, 'R 420', '80_r420_p.jpg', '', '2006', 'R$ 125.000,00', '6x2', 'Mecânica 100%', 'Selada', 'Nunca bateu', '', 'Scania R 420 2006, 6x2 , recheada de pneus, mecanica 100%, pintura original, selada, nunca bateu, interior novo, só rodou na LS R$ 125.000,00', 0, 2, 1, '0000-00-00 00:00:00', '0000-00-00 00:00:00'),
(81, 1, 5, '2540', '81_2540_p.jpg', '81_2540_b.jpg', '2008', 'R$ 110.000,00', 'Manutenção 100%', 'Revisado', 'Único dono', 'Manutenção em cocessionaria', '', 'Manutenção 100%, revisado, selado, unico dono, histórico de manutenção em cocessionaria, interior higienizado e sem detalhes, bom de pneus, só rodou na LS R$ 100.000,00', 0, 2, 1, '0000-00-00 00:00:00', '0000-00-00 00:00:00'),
(82, 1, 3, 'Cursor 330', '83_cursor_p.jpg', '83_cursor_b.jpg', '2010', 'R$ 65.000,00', '4x2', 'Teto alto', 'Bom de pneus', 'Boa mecânica', '', 'Iveco cursor 330 4x2 teto alto 2010, bom de pneus, mecânica 100%, 300.000 km R$ 65.000,00', 0, 2, 1, '0000-00-00 00:00:00', '0000-00-00 00:00:00'),
(83, 1, 5, '2035', '84_mb2035_p.jpg', '84_mb2035_b.jpg', '2009', 'R$ 115.000,00', '6x2', 'Teto alto', 'Ar condicionado', 'Mecânica 100% revisada', '4 unidades', 'MB 2035 2009 6x2 teto alto, com ar condicionado, mecânica 100% revisada, R$ 115.000,00 ( 4 unidade)', 0, 2, 1, '0000-00-00 00:00:00', '0000-00-00 00:00:00'),
(84, 1, 3, 'Stralis 380', '85_380_1.jpg', '', '2008/2009', 'R$ 95.000,00', '6x2 teto alto', 'Manutenção em dia', 'Higienizado interior', 'só  puxou carreta', '', '6x2 teto alto, foi tirado padrão, pintado chassi, polido gabine, higienizado interior. Precisa recapar 2 pneus na tração. Manutenção em dia, só  puxou carreta ls porta container r$ 95.000,00 ( minimo sem troca )', 0, 2, 1, '0000-00-00 00:00:00', '0000-00-00 00:00:00'),
(85, 1, 3, 'Stralis 420', '86_420_1.jpg', '', '2010', 'R$ 105.000,00', 'Média de 450.000 km', 'bom de pneus', 'Mecânica 100%', 'Selado', 'Original', 'Média de 450.000 km, bom de pneus, mecanica 100%, original, selado R$ 105.000,00', 0, 2, 1, '0000-00-00 00:00:00', '0000-00-00 00:00:00'),
(86, 1, 7, 'Costellation 19320', '87_19320_01.jpg', '', '2007', 'R$ 68.000,00', 'Completo', '4x2 teto alto', 'Pintura original', 'Único dono', '17 unidades', 'Volkswagem Costellation 19320 2007/07 4x2 teto alto completo, branco, sem padrão, pintura original, selado, unico dono, baixo km 300.000 a 400.000, rodava pouco km por dia no sider e carga seca. (dezenas de unidades )\r\n<br>\r\nEntregamos Lavado, polido, higienizado interior e pintado rodas.\r\n<br>\r\n\r\nCaminhões encontram-se na região sudeste.\r\n<br>\r\n\r\nAprovamos seu cadastro de até 100% do valor ( dependendo do cadastro ).', 0, 2, 1, '0000-00-00 00:00:00', '0000-00-00 00:00:00'),
(87, 1, 1, 'R 470', '88_470_p.jpg', '', '2010', 'R$ 155.000,00', 'Toda revisada na Scania', 'Caixa e diferencial não rodou', 'Motor feito', 'Original', '', 'Toda revisada na scania, caixa e diferencial não rodou, motor feito unidades, bronzinas, turbinas, original, único dono e pintura original, completa e cambio manual R$ 155.000,00', 0, 2, 1, '0000-00-00 00:00:00', '0000-00-00 00:00:00'),
(88, 1, 7, '19-320', '89_19320_p.jpg', '', '2007', 'R$ 65.000,00', '20 unidades', 'Todos com ar', 'Media de km 370.000 a 500.000', 'Manutenção somente na autorizada.', 'Único dono', '20 unidades 19-320 4x2 ano 2007/2007 \r\n<br><br>\r\nTodos com ar condicionado<br>\r\nÚnico dono<br>\r\nPuxava carga seca para petrobras, peças para plataforma, andavam leve, metade km vazio.\r\n<br><br>\r\nManutenção somente na autorizada \r\nMedia de km 370.000 a 500.000\r\n<br><br>\r\nValor R$65,000,00 cada \r\n<br><br>\r\nNão faz diferença \r\n<br><br>\r\nSó vende não troca', 0, 2, 1, '0000-00-00 00:00:00', '0000-00-00 00:00:00'),
(89, 1, 5, '2544', '89_perfil2.jpg', '89_banner2.jpg', '2011', 'R$ 95.000,00', 'Teto baixo', 'Media de 500.000 km', 'Semi Automático', 'Único dono', 'Único dono', 'Mb 2544 6x2 2011 teto baixo media de 500.000 km semi automático\r\n<br>\r\nSo puxou tanque\r\n<br>\r\nÚnico dono\r\n<br>\r\nNunca bateu', 0, 2, 1, '0000-00-00 00:00:00', '0000-00-00 00:00:00'),
(90, 1, 3, 'Stralis 420', '90_420_perfil.jpg', '90_420_banner.jpg', '2008', 'R$ 65.000,00', '6x2', 'Teto baixo', 'Único dono', '', '', 'Iveco Stralis 420 2008 6x2 teto baixo\r\nÚnico dono\r\nDo puxaram tanque\r\n400/500.000 km', 0, 2, 1, '0000-00-00 00:00:00', '0000-00-00 00:00:00'),
(91, 1, 3, 'Stralis 440', '91_perfil.jpg', '', '2012', 'R$ 145.000,00', 'Automático Completo', '10 pneus novos', 'Só puxou tanque', '', '', 'Iveco Stralis 440 6x4 2012<br>\r\nTeto alto<br>\r\nAutomático<br>\r\nCompleto<br>\r\n10 pneus novos<br>\r\nSó puxou tanque<br>\r\nMetade km vazio<br>', 0, 2, 1, '0000-00-00 00:00:00', '0000-00-00 00:00:00'),
(92, 1, 3, 'Stralis 400', '92_perfil.jpg', '92_banner.jpg', '2013', 'R$ 140.000,00', 'Teto alto', 'Automático', 'Excelente de pneus', 'Puxava tanque', 'Varias unidades', 'Iveco Stralis 400 6x2 2013\r\nTeto alto\r\nAutomático\r\nExcelente de pneus\r\nManutenções rigorosas em concessionária\r\nPuxava tanque\r\nMetade km vazio\r\nVarias unidades\r\n', 0, 2, 1, '0000-00-00 00:00:00', '0000-00-00 00:00:00'),
(93, 1, 5, '2544', '93_perfil.jpg', '93_2544_banner.jpg', '2009', 'Sob Consulta', 'Teto alto', '6x2', 'Câmbio manual (revisado)', '', 'Único dono', 'MB 2544 2009 teto alto 6x2<br>\r\nCâmbio manual (revisado)<br>\r\n950.000 km<br>\r\nÚnico dono<br>\r\nNunca bateu<br>', 0, 0, 1, '0000-00-00 00:00:00', '0000-00-00 00:00:00'),
(94, 1, 3, 'Stralis 410', '94_perfil.jpg', '', '2010', 'Sob consulta', '6x2', 'Teto alto', '860.000 km', 'Bom de mecânica', 'Único dono', 'Iveco Stralis 410 6x2 2010<br>\r\nTeto alto<br>\r\n860.000 km<br>\r\nBom de mecânica<br>\r\nBom de pneus<br>\r\nÚnico dono<br>\r\nNunca bateu<br>', 0, 0, 1, '0000-00-00 00:00:00', '0000-00-00 00:00:00'),
(95, 1, 5, '2646', '95_perfil.jpg', '95_banner.jpg', '2010 / 11', 'Sob consulta', 'Automático', 'Único dono', 'Nunca bateu', '', '', 'MB 2646 6x4 2010/11 automático<br>\r\nÚnico dono<br>\r\nPuxava Bi Caçamba 7 eixo<br>\r\nNunca bateu<br>\r\nBom de mecânica<br>\r\nBom de pneus', 1, 0, 1, '0000-00-00 00:00:00', '0000-00-00 00:00:00'),
(96, 1, 1, 'G 380', '96_perfil.jpg', '', '2008', 'Sob consulta', '6x2', ' Único dono', 'Nunca bateu', '', '', 'Scania G 380 6x2 2008<br>\r\nÚnico dono<br>\r\nNunca bateu<br>', 0, 0, 1, '0000-00-00 00:00:00', '0000-00-00 00:00:00'),
(97, 1, 1, 'G 380', '97_perfil.jpg', '', '2008', 'Sob consulta', 'Excelente de mecânica', 'Único dono', 'Nunca bateu', '', 'Boa de pneus', 'Scania G 380 6x2 2008/09<br>\r\nExcelente de mecânica<br>\r\nBoa de pneus<br>\r\nÚnico dono<br>\r\nNunca bateu<br>', 0, 0, 1, '0000-00-00 00:00:00', '0000-00-00 00:00:00'),
(98, 1, 1, 'P 310', '98_perfil.jpg', '98_banner.jpg', '2014', 'Sob consulta', 'Motor feito', 'Único dono', 'Nunca bateu', '', '', 'Scania P 310 8x2 2014<BR>\r\nSider 11.5m<BR>\r\nMotor feito<BR>\r\nÚnico dono<BR>\r\nNunca bateu<BR>\r\nBom de pneus<BR>', 1, 0, 1, '0000-00-00 00:00:00', '0000-00-00 00:00:00'),
(99, 1, 1, 'G 380', '99_perfil.jpg', '', '2009 / 10', 'Sob consulta', 'Ótima de pneus', 'Excelente de mecânica', 'Nunca bateu', '', 'Único dono', 'Scania G 380 6x2<BR>\r\n2009/10<BR>\r\nExcelente de mecânica<BR>\r\nÓtima de pneus<BR>\r\nÚnico dono<BR>', 0, 0, 1, '0000-00-00 00:00:00', '0000-00-00 00:00:00'),
(100, 1, 2, 'FH 400', '100_perfil.jpg', '', '2007', 'Sob consulta', 'Câmbio manual', 'Excelente mecânica', 'Único dono', 'Nunca bateu', '', 'Volvo FH 440 6x2 2007 <BR>\r\nCâmbio manual<BR>\r\nExcelente mecânica<BR>\r\nÚnico dono<BR>\r\nNunca bateu<BR>', 0, 0, 1, '0000-00-00 00:00:00', '0000-00-00 00:00:00'),
(101, 1, 2, 'FH 400', '101_perfil.jpg', '', '2008', 'Sob consulta', 'Câmbio manual', 'Excelente mecânica', 'Único dono', 'Já fez motor', 'Bom de pneus', 'Volvo FH 440 6x2 2008<BR>\r\nCâmbio manual<BR>\r\nÚnico dono<BR>\r\nExcelente de mecânica<BR>\r\nJá fez motor<BR>\r\nBom de pneus<BR>', 0, 0, 1, '0000-00-00 00:00:00', '0000-00-00 00:00:00'),
(102, 1, 2, 'FH 440 Globetrotter', '102_perfil.jpg', '', '2011 / 11', 'Sob consulta', 'Automático', 'Motor feito', 'Nunca bateu', 'Excelente de pneus', 'Único dono', 'Volvo FH 440 6x2 2011/11 Globetrotter<BR>\r\nAutomático<BR>\r\nMotor feito<BR>\r\nÚnico dono<BR>\r\nNunca bateu<BR>\r\nExcelente estética<BR>\r\nExcelente de pneus<BR>', 0, 0, 1, '0000-00-00 00:00:00', '0000-00-00 00:00:00'),
(103, 1, 2, 'FH 440 Globetrotter', '103_perfil.jpg', '', '2011 / 11', 'Sob consulta', 'Motor feito', 'Caixa revisada', 'Bom de pneus', '', '', 'Volvo FH 440 6x2 Globetrotter 2010/11<BR>\r\nMotor feito<BR>\r\nCaixa revisada<BR>\r\nBom de pneus<BR>', 0, 0, 1, '0000-00-00 00:00:00', '0000-00-00 00:00:00'),
(104, 1, 8, 'Semi Reboque Graneleiro', '104_perfil.jpg', '104_banner.jpg', '2013', 'Sob consulta', 'Assoalho de madeira', 'Ótimo estado', 'Sem pneus', '', '', 'Semi reboque LS Graneleiro Librelato<BR>\r\n2013<BR>\r\nsem pneus<BR>\r\nEm ótimo estado', 1, 0, 1, '0000-00-00 00:00:00', '0000-00-00 00:00:00');

-- --------------------------------------------------------

--
-- Table structure for table `fotos_caminhoes`
--

CREATE TABLE `fotos_caminhoes` (
  `id_foto` int(11) NOT NULL,
  `id_caminhao` int(11) NOT NULL,
  `url_foto` varchar(250) COLLATE utf8_unicode_ci NOT NULL
) ENGINE=InnoDB DEFAULT CHARSET=utf8 COLLATE=utf8_unicode_ci;

--
-- RELATIONSHIPS FOR TABLE `fotos_caminhoes`:
--   `id_caminhao`
--       `caminhao` -> `id_caminhao`
--

--
-- Dumping data for table `fotos_caminhoes`
--

INSERT INTO `fotos_caminhoes` (`id_foto`, `id_caminhao`, `url_foto`) VALUES
(1, 1, '01_vm310_01.jpg'),
(2, 1, '01_vm310_02.jpg'),
(3, 1, '01_vm310_03.jpg'),
(4, 1, '01_vm310_04.jpg'),
(5, 1, '01_vm310_05.jpg'),
(6, 1, '01_vm310_00.jpg'),
(7, 2, '02_axor2540_01.jpg'),
(9, 2, '02_axor2540_03.jpg'),
(10, 2, '02_axor2540_04.jpg'),
(11, 2, '02_axor2540_05.jpg'),
(12, 2, '02_axor2540_06.jpg'),
(13, 2, '02_axor2540_07.jpg'),
(14, 2, '02_axor2540_08.jpg'),
(16, 2, '02_axor2540_09.jpg'),
(17, 2, '02_axor2540_10.jpg'),
(18, 3, '03_actors2646_07.jpg'),
(19, 3, '03_actors2646_01.jpg'),
(20, 3, '03_actors2646_02.jpg'),
(21, 3, '03_actors2646_03.jpg'),
(22, 3, '03_actors2646_04.jpg'),
(23, 3, '03_actors2646_05.jpg'),
(24, 3, '03_actors2646_06.jpg'),
(25, 3, '03_actors2646_07.jpg'),
(26, 3, '03_actors2646_08.jpg'),
(27, 3, '03_actors2646_09.jpg'),
(28, 3, '03_actors2646_10.jpg'),
(29, 3, '03_actors2646_11.jpg'),
(30, 4, '04_1938ls_01.jpg'),
(31, 4, '04_1938ls_02.jpg'),
(32, 4, '04_1938ls_03.jpg'),
(33, 4, '04_1938ls_04.jpg'),
(34, 4, '04_1938ls_05.jpg'),
(35, 4, '04_1938ls_06.jpg'),
(36, 4, '04_1938ls_07.jpg'),
(37, 5, '05_stralis_01.jpg'),
(38, 5, '05_stralis_02.jpg'),
(39, 5, '05_stralis_03.jpg'),
(40, 5, '05_stralis_04.jpg'),
(42, 5, '05_stralis_06.jpg'),
(43, 5, '05_stralis_07.jpg'),
(44, 5, '05_stralis_08.jpg'),
(45, 5, '05_stralis_09.jpg'),
(46, 6, '06_cargo_2428_01.jpg'),
(47, 6, '06_cargo_2428_02.jpg'),
(48, 6, '06_cargo_2428_03.jpg'),
(49, 6, '06_cargo_2428_04.jpg'),
(50, 6, '06_cargo_2428_05.jpg'),
(51, 6, '06_cargo_2428_06.jpg'),
(52, 6, '06_cargo_2428_07.jpg'),
(54, 7, '07_g420_02.jpg'),
(55, 7, '07_g420_03.jpg'),
(56, 7, '07_g420_04.jpg'),
(57, 7, '07_g420_05.jpg'),
(58, 7, '07_g420_06.jpg'),
(59, 7, '07_g420_07.jpg'),
(60, 7, '07_g420_08.jpg'),
(61, 7, '07_g420_09.jpg'),
(62, 7, '07_g420_10.jpg'),
(64, 8, '08_p340_1.jpg'),
(65, 8, '08_p340_2.jpg'),
(66, 8, '08_p340_3.jpg'),
(67, 8, '08_p340_4.jpg'),
(68, 8, '08_p340_5.jpg'),
(69, 8, '08_p340_6.jpg'),
(70, 8, '08_p340_7.jpg'),
(71, 8, '08_p340_8.jpg'),
(72, 8, '08_p340_9.jpg'),
(73, 8, '08_p340_10.jpg'),
(74, 8, '08_p340_11.jpg'),
(75, 9, '09_g380_1.jpg'),
(76, 9, '09_g380_2.jpg'),
(77, 9, '09_g380_3.jpg'),
(78, 9, '09_g380_4.jpg'),
(79, 9, '09_g380_5.jpg'),
(80, 9, '09_g380_6.jpg'),
(81, 9, '09_g380_7.jpg'),
(82, 9, '09_g380_8.jpg'),
(88, 10, '10_vm310_1.jpg'),
(89, 10, '10_vm310_2.jpg'),
(90, 10, '10_vm310_3.jpg'),
(91, 10, '10_vm310_4.jpg'),
(92, 10, '10_vm310_5.jpg'),
(99, 11, '11_113_1.jpg'),
(100, 11, '11_113_2.jpg'),
(101, 11, '11_113_3.jpg'),
(102, 11, '11_113_4.jpg'),
(103, 11, '11_113_5.jpg'),
(104, 11, '11_113_6.jpg'),
(105, 12, '12_stralis-hd380_1.jpg'),
(106, 12, '12_stralis-hd380_2.jpg'),
(107, 12, '12_stralis-hd380_3.jpg'),
(108, 12, '12_stralis-hd380_4.jpg'),
(109, 12, '12_stralis-hd380_5.jpg'),
(110, 13, '13_fh440_1.jpg'),
(111, 13, '13_fh440_2.jpg'),
(112, 13, '13_fh440_3.jpg'),
(113, 13, '13_fh440_4.jpg'),
(114, 13, '13_fh440_5.jpg'),
(115, 13, '13_fh440_6.jpg'),
(116, 14, '14_p340_1.jpg'),
(117, 14, '14_p340_2.jpg'),
(118, 14, '14_p340_3.jpg'),
(119, 14, '14_p340_4.jpg'),
(120, 14, '14_p340_5.jpg'),
(121, 14, '14_p340_6.jpg'),
(122, 14, '14_p340_7.jpg'),
(123, 14, '14_p340_8.jpg'),
(124, 14, '14_p340_9.jpg'),
(125, 15, '15_stralisnr_1.jpg'),
(126, 15, '15_stralisnr_2.jpg'),
(127, 15, '15_stralisnr_3.jpg'),
(128, 15, '15_stralisnr_4.jpg'),
(129, 15, '15_stralisnr_5.jpg'),
(130, 15, '15_stralisnr_6.jpg'),
(131, 15, '15_stralisnr_7.jpg'),
(132, 15, '15_stralisnr_8.jpg'),
(133, 16, '16_mb2040_1.jpg'),
(134, 16, '16_mb2040_2.jpg'),
(135, 16, '16_mb2040_3.jpg'),
(136, 16, '16_mb2040_4.jpg'),
(137, 16, '16_mb2040_5.jpg'),
(138, 16, '16_mb2040_6.jpg'),
(139, 16, '16_mb2040_7.jpg'),
(140, 16, '16_mb2040_8.jpg'),
(141, 17, '17_330_1.jpg'),
(142, 17, '17_330_2.jpg'),
(143, 17, '17_330_3.jpg'),
(144, 17, '17_330_4.jpg'),
(145, 17, '17_330_5.jpg'),
(146, 17, '17_330_6.jpg'),
(147, 17, '17_330_7.jpg'),
(148, 17, '17_330_8.jpg'),
(149, 17, '17_330_9.jpg'),
(150, 19, '19_25320_1.jpg'),
(151, 19, '19_25320_2.jpg'),
(152, 19, '19_25320_3.jpg'),
(153, 19, '19_25320_4.jpg'),
(154, 19, '19_25320_5.jpg'),
(155, 19, '19_25320_6.jpg'),
(156, 19, '19_25320_7.jpg'),
(157, 19, '19_25320_8.jpg'),
(158, 19, '19_25320_9.jpg'),
(159, 19, '19_25320_10.jpg'),
(160, 18, '18_2544_1.jpg'),
(161, 18, '18_2544_2.jpg'),
(162, 18, '18_2544_3.jpg'),
(163, 18, '18_2544_4.jpg'),
(164, 18, '18_2544_5.jpg'),
(165, 20, '20_440_1.jpg'),
(166, 20, '20_440_2.jpg'),
(167, 20, '20_440_3.jpg'),
(168, 20, '20_440_4.jpg'),
(169, 20, '20_440_5.jpg'),
(170, 20, '20_440_6.jpg'),
(171, 20, '20_440_7.jpg'),
(172, 20, '20_440_8.jpg'),
(173, 21, '21_2428_1.jpg'),
(174, 21, '21_2428_2.jpg'),
(175, 21, '21_2428_3.jpg'),
(176, 21, '21_2428_4.jpg'),
(177, 21, '21_2428_5.jpg'),
(178, 22, '22_24250_1.jpg'),
(179, 22, '22_24250_2.jpg'),
(180, 22, '22_24250_3.jpg'),
(181, 22, '22_24250_4.jpg'),
(182, 22, '22_24250_5.jpg'),
(183, 22, '22_24250_6.jpg'),
(184, 22, '22_24250_7.jpg'),
(185, 23, '23_r3801_1.jpg'),
(186, 23, '23_r3801_2.jpg'),
(187, 23, '23_r3801_3.jpg'),
(188, 23, '23_r3801_4.jpg'),
(189, 24, '24_25370_1.jpg'),
(190, 24, '24_25370_2.jpg'),
(191, 24, '24_25370_3.jpg'),
(192, 24, '24_25370_4.jpg'),
(193, 24, '24_25370_5.jpg'),
(194, 24, '24_25370_6.jpg'),
(195, 24, '24_25370_7.jpg'),
(196, 25, '25_19320_1.jpg'),
(197, 25, '25_19320_2.jpg'),
(198, 26, '26_1634_1.jpg'),
(199, 26, '26_1634_2.jpg'),
(200, 26, '26_1634_3.jpg'),
(201, 26, '26_1634_4.jpg'),
(202, 26, '26_1634_5.jpg'),
(203, 26, '26_1634_6.jpg'),
(204, 26, '26_1634_7.jpg'),
(205, 26, '26_1634_8.jpg'),
(206, 26, '26_1634_9.jpg'),
(207, 27, '27_cargo2429_1.jpg'),
(208, 27, '27_cargo2429_2.jpg'),
(209, 27, '27_cargo2429_3.jpg'),
(210, 27, '27_cargo2429_4.jpg'),
(211, 28, '28_l1620_1.jpg'),
(212, 28, '28_l1620_2.jpg'),
(213, 28, '28_l1620_3.jpg'),
(214, 28, '28_l1620_4.jpg'),
(215, 28, '28_l1620_5.jpg'),
(216, 28, '28_l1620_6.jpg'),
(217, 28, '28_l1620_7.jpg'),
(218, 29, '29_r124g_1.jpg'),
(219, 29, '29_r124g_2.jpg'),
(220, 29, '29_r124g_3.jpg'),
(221, 29, '29_r124g_4.jpg'),
(226, 30, '30_artego2426_1.jpg'),
(227, 30, '30_artego2426_2.jpg'),
(228, 30, '30_artego2426_3.jpg'),
(229, 30, '30_artego2426_4.jpg'),
(230, 30, '30_artego2426_5.jpg'),
(231, 30, '30_artego2426_6.jpg'),
(232, 30, '30_artego2426_7.jpg'),
(233, 30, '30_artego2426_8.jpg'),
(234, 30, '30_artego2426_9.jpg'),
(235, 30, '30_artego2426_1.jpg'),
(236, 30, '30_artego2426_2.jpg'),
(237, 30, '30_artego2426_3.jpg'),
(238, 30, '30_artego2426_4.jpg'),
(239, 30, '30_artego2426_5.jpg'),
(240, 30, '30_artego2426_6.jpg'),
(241, 30, '30_artego2426_7.jpg'),
(242, 30, '30_artego2426_8.jpg'),
(243, 30, '30_artego2426_9.jpg'),
(244, 31, '31_240e25_1.jpg'),
(245, 31, '31_240e25_2.jpg'),
(246, 31, '31_240e25_3.jpg'),
(247, 31, '31_240e25_4.jpg'),
(248, 31, '31_240e25_5.jpg'),
(249, 31, '31_240e25_6.jpg'),
(250, 31, '31_240e25_7.jpg'),
(251, 31, '31_240e25_8.jpg'),
(252, 31, '31_240e25_9.jpg'),
(253, 32, '32_fh440_1.jpg'),
(254, 32, '32_fh440_2.jpg'),
(255, 32, '32_fh440_3.jpg'),
(256, 32, '32_fh440_4.jpg'),
(257, 32, '32_fh440_5.jpg'),
(258, 32, '32_fh440_6.jpg'),
(259, 32, '32_fh440_7.jpg'),
(260, 32, '32_fh440_8.jpg'),
(261, 33, '33_stralis460_1.jpg'),
(262, 33, '33_stralis460_2.jpg'),
(263, 33, '33_stralis460_3.jpg'),
(264, 33, '33_stralis460_4.jpg'),
(265, 33, '33_stralis460_5.jpg'),
(266, 33, '33_stralis460_1.jpg'),
(267, 33, '33_stralis460_2.jpg'),
(268, 33, '33_stralis460_3.jpg'),
(269, 33, '33_stralis460_4.jpg'),
(270, 33, '33_stralis460_5.jpg'),
(271, 34, '34_fh440_1.jpg'),
(272, 34, '34_fh440_2.jpg'),
(273, 34, '34_fh440_3.jpg'),
(274, 34, '34_fh440_4.jpg'),
(275, 34, '34_fh440_5.jpg'),
(276, 34, '34_fh440_6.jpg'),
(277, 34, '34_fh440_7.jpg'),
(278, 34, '34_fh440_8.jpg'),
(279, 34, '34_fh440_9.jpg'),
(280, 34, '34_fh440_10.jpg'),
(281, 35, '35_p310_1.jpg'),
(282, 35, '35_p310_2.jpg'),
(283, 35, '35_p310_3.jpg'),
(284, 35, '35_p310_4.jpg'),
(285, 35, '35_p310_5.jpg'),
(286, 35, '35_p310_6.jpg'),
(287, 35, '35_p310_7.jpg'),
(288, 35, '35_p310_8.jpg'),
(289, 35, '35_p310_9.jpg'),
(290, 35, '35_p310_10.jpg'),
(291, 36, '36_18310_1.jpg'),
(292, 36, '36_18310_2.jpg'),
(293, 36, '36_18310_3.jpg'),
(294, 36, '36_18310_4.jpg'),
(295, 36, '36_18310_5.jpg'),
(296, 36, '36_18310_6.jpg'),
(297, 36, '36_18310_7.jpg'),
(298, 36, '36_18310_8.jpg'),
(299, 36, '36_18310_9.jpg'),
(300, 36, '36_18310_10.jpg'),
(301, 36, '36_18310_11.jpg'),
(302, 37, '37_stralis420_1.jpg'),
(303, 37, '37_stralis420_2.jpg'),
(304, 37, '37_stralis420_3.jpg'),
(305, 37, '37_stralis420_4.jpg'),
(306, 37, '37_stralis420_5.jpg'),
(307, 37, '37_stralis420_6.jpg'),
(308, 37, '37_stralis420_7.jpg'),
(309, 37, '37_stralis420_8.jpg'),
(310, 37, '37_stralis420_9.jpg'),
(311, 37, '37_stralis420_10.jpg'),
(312, 38, '38_voltofh_1.jpg'),
(313, 38, '38_voltofh_2.jpg'),
(314, 38, '38_voltofh_3.jpg'),
(315, 38, '38_voltofh_4.jpg'),
(316, 38, '38_voltofh_5.jpg'),
(317, 38, '38_voltofh_6.jpg'),
(318, 38, '38_voltofh_7.jpg'),
(319, 38, '38_voltofh_8.jpg'),
(320, 38, '38_voltofh_9.jpg'),
(321, 38, '38_voltofh_10.jpg'),
(322, 38, '38_voltofh_11.jpg'),
(323, 38, '38_voltofh_12.jpg'),
(324, 38, '38_voltofh_13.jpg'),
(325, 39, '39_scania420_1.jpg'),
(326, 39, '39_scania420_2.jpg'),
(327, 39, '39_scania420_3.jpg'),
(328, 39, '39_scania420_4.jpg'),
(329, 39, '39_scania420_5.jpg'),
(330, 39, '39_scania420_6.jpg'),
(331, 39, '39_scania420_7.jpg'),
(332, 39, '39_scania420_8.jpg'),
(333, 39, '39_scania420_9.jpg'),
(334, 40, '40_stralis460_1.jpg'),
(335, 40, '40_stralis460_2.jpg'),
(336, 40, '40_stralis460_3.jpg'),
(337, 40, '40_stralis460_4.jpg'),
(338, 40, '40_stralis460_5.jpg'),
(339, 40, '40_stralis460_6.jpg'),
(340, 40, '40_stralis460_7.jpg'),
(341, 40, '40_stralis460_8.jpg'),
(342, 40, '40_stralis460_9.jpg'),
(343, 40, '40_stralis460_10.jpg'),
(344, 41, '41_fh440_1.jpg'),
(345, 41, '41_fh440_2.jpg'),
(346, 41, '41_fh440_3.jpg'),
(347, 41, '41_fh440_4.jpg'),
(348, 41, '41_fh440_5.jpg'),
(349, 41, '41_fh440_6.jpg'),
(350, 41, '41_fh440_7.jpg'),
(351, 41, '41_fh440_8.jpg'),
(352, 41, '41_fh440_9.jpg'),
(353, 41, '41_fh440_10.jpg'),
(354, 41, '41_fh440_11.jpg'),
(355, 41, '41_fh440_12.jpg'),
(356, 41, '41_fh440_13.jpg'),
(357, 42, '42_mb2540_1.jpg'),
(358, 42, '42_mb2540_2.jpg'),
(359, 42, '42_mb2540_3.jpg'),
(360, 42, '42_mb2540_4.jpg'),
(361, 42, '42_mb2540_5.jpg'),
(362, 42, '42_mb2540_6.jpg'),
(363, 42, '42_mb2540_7.jpg'),
(364, 42, '42_mb2540_8.jpg'),
(365, 42, '42_mb2540_9.jpg'),
(366, 42, '42_mb2540_10.jpg'),
(367, 42, '42_mb2540_11.jpg'),
(368, 42, '42_mb2540_12.jpg'),
(369, 42, '42_mb2540_13.jpg'),
(370, 43, '43_19320_1.jpg'),
(371, 43, '43_19320_2.jpg'),
(372, 43, '43_19320_3.jpg'),
(373, 43, '43_19320_4.jpg'),
(374, 43, '43_19320_5.jpg'),
(375, 43, '43_19320_6.jpg'),
(376, 43, '43_19320_7.jpg'),
(377, 43, '43_19320_8.jpg'),
(378, 43, '43_19320_9.jpg'),
(379, 43, '43_19320_10.jpg'),
(380, 43, '43_19320_11.jpg'),
(381, 43, '43_19320_12.jpg'),
(382, 43, '43_19320_13.jpg'),
(383, 43, '43_19320_14.jpg'),
(384, 43, '43_19320_15.jpg'),
(385, 44, '44_fh440_1.jpg'),
(386, 44, '44_fh440_2.jpg'),
(387, 44, '44_fh440_3.jpg'),
(388, 44, '44_fh440_4.jpg'),
(389, 44, '44_fh440_5.jpg'),
(390, 44, '44_fh440_6.jpg'),
(391, 44, '44_fh440_7.jpg'),
(392, 44, '44_fh440_8.jpg'),
(393, 44, '44_fh440_9.jpg'),
(394, 44, '44_fh440_10.jpg'),
(395, 44, '44_fh440_11.jpg'),
(396, 44, '44_fh440_12.jpg'),
(397, 44, '44_fh440_13.jpg'),
(398, 45, '45_fh440_1.jpg'),
(399, 45, '45_fh440_2.jpg'),
(400, 45, '45_fh440_3.jpg'),
(401, 45, '45_fh440_4.jpg'),
(402, 45, '45_fh440_5.jpg'),
(403, 45, '45_fh440_6.jpg'),
(404, 45, '45_fh440_7.jpg'),
(405, 45, '45_fh440_8.jpg'),
(406, 45, '45_fh440_9.jpg'),
(407, 45, '45_fh440_10.jpg'),
(408, 45, '45_fh440_11.jpg'),
(409, 45, '45_fh440_12.jpg'),
(410, 46, '46_g380_1.jpg'),
(411, 46, '46_g380_2.jpg'),
(412, 46, '46_g380_3.jpg'),
(413, 46, '46_g380_4.jpg'),
(414, 46, '46_g380_5.jpg'),
(415, 46, '46_g380_6.jpg'),
(416, 46, '46_g380_7.jpg'),
(417, 46, '46_g380_8.jpg'),
(418, 46, '46_g380_9.jpg'),
(419, 46, '46_g380_10.jpg'),
(420, 46, '46_g380_11.jpg'),
(421, 46, '46_g380_12.jpg'),
(422, 46, '46_g380_13.jpg'),
(423, 47, '47_r124_1.jpg'),
(424, 47, '47_r124_2.jpg'),
(425, 47, '47_r124_3.jpg'),
(426, 47, '47_r124_4.jpg'),
(427, 47, '47_r124_5.jpg'),
(428, 47, '47_r124_6.jpg'),
(429, 47, '47_r124_7.jpg'),
(430, 47, '47_r124_8.jpg'),
(431, 47, '47_r124_9.jpg'),
(432, 47, '47_r124_10.jpg'),
(433, 47, '47_r124_11.jpg'),
(434, 48, '48_cargo2428_1.jpg'),
(435, 48, '48_cargo2428_2.jpg'),
(436, 48, '48_cargo2428_3.jpg'),
(437, 48, '48_cargo2428_4.jpg'),
(438, 48, '48_cargo2428_5.jpg'),
(439, 48, '48_cargo2428_6.jpg'),
(440, 48, '48_cargo2428_7.jpg'),
(441, 48, '48_cargo2428_8.jpg'),
(442, 48, '48_cargo2428_9.jpg'),
(443, 48, '48_cargo2428_10.jpg'),
(444, 48, '48_cargo2428_11.jpg'),
(445, 48, '48_cargo2428_12.jpg'),
(446, 48, '48_cargo2428_13.jpg'),
(447, 48, '48_cargo2428_14.jpg'),
(448, 48, '48_cargo2428_15.jpg'),
(449, 48, '48_cargo2428_16.jpg'),
(450, 48, '48_cargo2428_17.jpg'),
(451, 48, '48_cargo2428_18.jpg'),
(452, 48, '48_cargo2428_1.jpg'),
(453, 48, '48_cargo2428_2.jpg'),
(454, 48, '48_cargo2428_3.jpg'),
(455, 48, '48_cargo2428_4.jpg'),
(456, 48, '48_cargo2428_5.jpg'),
(457, 48, '48_cargo2428_6.jpg'),
(458, 48, '48_cargo2428_7.jpg'),
(459, 48, '48_cargo2428_8.jpg'),
(460, 48, '48_cargo2428_9.jpg'),
(461, 48, '48_cargo2428_10.jpg'),
(462, 48, '48_cargo2428_11.jpg'),
(463, 48, '48_cargo2428_12.jpg'),
(464, 48, '48_cargo2428_13.jpg'),
(465, 48, '48_cargo2428_14.jpg'),
(466, 48, '48_cargo2428_15.jpg'),
(467, 48, '48_cargo2428_16.jpg'),
(468, 48, '48_cargo2428_17.jpg'),
(469, 48, '48_cargo2428_18.jpg'),
(470, 49, '48_l1620_1.jpg'),
(471, 49, '48_l1620_2.jpg'),
(472, 49, '48_l1620_3.jpg'),
(473, 49, '48_l1620_4.jpg'),
(474, 49, '48_l1620_5.jpg'),
(475, 49, '48_l1620_6.jpg'),
(476, 49, '48_l1620_7.jpg'),
(477, 49, '48_l1620_8.jpg'),
(478, 49, '48_l1620_9.jpg'),
(479, 49, '48_l1620_10.jpg'),
(480, 49, '48_l1620_11.jpg'),
(481, 49, '48_l1620_12.jpg'),
(482, 49, '48_l1620_13.jpg'),
(483, 49, '48_l1620_14.jpg'),
(484, 49, '48_l1620_15.jpg'),
(496, 50, '50_axor2544_1.jpg'),
(497, 50, '50_axor2544_2.jpg'),
(498, 50, '50_axor2544_3.jpg'),
(499, 50, '50_axor2544_4.jpg'),
(500, 50, '50_axor2544_5.jpg'),
(501, 50, '50_axor2544_6.jpg'),
(502, 50, '50_axor2544_7.jpg'),
(503, 50, '50_axor2544_8.jpg'),
(504, 50, '50_axor2544_9.jpg'),
(505, 50, '50_axor2544_10.jpg'),
(506, 50, '50_axor2544_11.jpg'),
(507, 51, '51_axor2544_1.jpg'),
(508, 51, '51_axor2544_2.jpg'),
(509, 51, '51_axor2544_3.jpg'),
(510, 51, '51_axor2544_4.jpg'),
(511, 51, '51_axor2544_5.jpg'),
(512, 51, '51_axor2544_6.jpg'),
(513, 51, '51_axor2544_7.jpg'),
(514, 51, '51_axor2544_8.jpg'),
(515, 51, '51_axor2544_9.jpg'),
(516, 51, '51_axor2544_10.jpg'),
(517, 52, '52_iveco420_1.jpg'),
(518, 52, '52_iveco420_2.jpg'),
(519, 52, '52_iveco420_3.jpg'),
(520, 52, '52_iveco420_4.jpg'),
(521, 52, '52_iveco420_5.jpg'),
(522, 52, '52_iveco420_6.jpg'),
(523, 52, '52_iveco420_7.jpg'),
(524, 52, '52_iveco420_8.jpg'),
(525, 52, '52_iveco420_9.jpg'),
(526, 52, '52_iveco420_10.jpg'),
(527, 52, '52_iveco420_11.jpg'),
(528, 52, '52_iveco420_12.jpg'),
(537, 53, '53_axor2540_1.jpg'),
(538, 53, '53_axor2540_2.jpg'),
(539, 53, '53_axor2540_3.jpg'),
(540, 53, '53_axor2540_4.jpg'),
(541, 53, '53_axor2540_5.jpg'),
(542, 53, '53_axor2540_6.jpg'),
(543, 53, '53_axor2540_7.jpg'),
(544, 53, '53_axor2540_8.jpg'),
(545, 54, '54_volvofh12380_1.jpg'),
(546, 54, '54_volvofh12380_2.jpg'),
(547, 54, '54_volvofh12380_3.jpg'),
(548, 54, '54_volvofh12380_4.jpg'),
(549, 54, '54_volvofh12380_5.jpg'),
(550, 54, '54_volvofh12380_6.jpg'),
(551, 54, '54_volvofh12380_7.jpg'),
(552, 54, '54_volvofh12380_8.jpg'),
(553, 54, '54_volvofh12380_9.jpg'),
(554, 54, '54_volvofh12380_10.jpg'),
(555, 54, '54_volvofh12380_11.jpg'),
(556, 55, '55_r470_1.jpg'),
(557, 55, '55_r470_2.jpg'),
(558, 55, '55_r470_3.jpg'),
(559, 55, '55_r470_4.jpg'),
(560, 55, '55_r470_5.jpg'),
(561, 55, '55_r470_6.jpg'),
(562, 55, '55_r470_7.jpg'),
(563, 55, '55_r470_8.jpg'),
(564, 56, '56_volks19320_1.jpg'),
(565, 56, '56_volks19320_2.jpg'),
(566, 56, '56_volks19320_3.jpg'),
(567, 56, '56_volks19320_4.jpg'),
(568, 56, '56_volks19320_5.jpg'),
(569, 56, '56_volks19320_6.jpg'),
(570, 56, '56_volks19320_7.jpg'),
(571, 56, '56_volks19320_8.jpg'),
(572, 57, '57_fh420_1.jpg'),
(573, 57, '57_fh420_2.jpg'),
(574, 57, '57_fh420_3.jpg'),
(575, 57, '57_fh420_4.jpg'),
(576, 57, '57_fh420_5.jpg'),
(577, 57, '57_fh420_6.jpg'),
(578, 58, '58_fh380_1.jpg'),
(579, 58, '58_fh380_2.jpg'),
(580, 58, '58_fh380_3.jpg'),
(581, 58, '58_fh380_4.jpg'),
(582, 58, '58_fh380_5.jpg'),
(583, 58, '58_fh380_6.jpg'),
(584, 59, '59_r380_1.jpg'),
(585, 59, '59_r380_2.jpg'),
(586, 59, '59_r380_3.jpg'),
(587, 59, '59_r380_4.jpg'),
(588, 60, '60_p330_1.jpg'),
(589, 60, '60_p330_2.jpg'),
(590, 60, '60_p330_3.jpg'),
(591, 60, '60_p330_4.jpg'),
(592, 60, '60_p330_5.jpg'),
(593, 60, '60_p330_6.jpg'),
(594, 60, '60_p330_7.jpg'),
(595, 61, '61_19-320_1.jpg'),
(596, 61, '61_19-320_2.jpg'),
(597, 61, '61_19-320_3.jpg'),
(598, 61, '61_19-320_4.jpg'),
(599, 61, '61_19-320_5.jpg'),
(600, 61, '61_19-320_6.jpg'),
(601, 61, '61_19-320_7.jpg'),
(602, 61, '61_19-320_8.jpg'),
(603, 61, '61_19-320_9.jpg'),
(604, 62, '62_2544_1.jpg'),
(605, 62, '62_2544_2.jpg'),
(606, 62, '62_2544_3.jpg'),
(607, 62, '62_2544_4.jpg'),
(608, 62, '62_2544_5.jpg'),
(609, 62, '62_2544_6.jpg'),
(610, 62, '62_2544_7.jpg'),
(611, 62, '62_2544_8.jpg'),
(612, 62, '62_2544_9.jpg'),
(613, 62, '62_2544_10.jpg'),
(614, 62, '62_2544_11.jpg'),
(615, 62, '62_2544_12.jpg'),
(616, 62, '62_2544_13.jpg'),
(617, 62, '62_2544_14.jpg'),
(618, 62, '62_2544_15.jpg'),
(619, 62, '62_2544_16.jpg'),
(620, 62, '62_2544_17.jpg'),
(621, 62, '62_2544_18.jpg'),
(622, 63, '63_p124_1.jpg'),
(623, 63, '63_p124_2.jpg'),
(624, 63, '63_p124_3.jpg'),
(625, 63, '63_p124_4.jpg'),
(626, 63, '63_p124_5.jpg'),
(627, 63, '63_p124_6.jpg'),
(628, 63, '63_p124_7.jpg'),
(629, 63, '63_p124_8.jpg'),
(630, 63, '63_p124_9.jpg'),
(631, 63, '63_p124_10.jpg'),
(632, 63, '63_p124_11.jpg'),
(633, 64, '64_fh460_1.jpg'),
(634, 64, '64_fh460_2.jpg'),
(635, 64, '64_fh460_3.jpg'),
(636, 64, '64_fh460_4.jpg'),
(637, 64, '64_fh460_5.jpg'),
(638, 64, '64_fh460_6.jpg'),
(639, 64, '64_fh460_7.jpg'),
(640, 64, '64_fh460_8.jpg'),
(641, 64, '64_fh460_9.jpg'),
(642, 64, '64_fh460_10.jpg'),
(643, 64, '64_fh460_11.jpg'),
(644, 65, '65_fh400_1.jpg'),
(645, 65, '65_fh400_2.jpg'),
(646, 65, '65_fh400_3.jpg'),
(647, 65, '65_fh400_4.jpg'),
(648, 65, '65_fh400_5.jpg'),
(649, 65, '65_fh400_6.jpg'),
(650, 65, '65_fh400_7.jpg'),
(651, 65, '65_fh400_8.jpg'),
(652, 65, '65_fh400_9.jpg'),
(653, 65, '65_fh400_10.jpg'),
(654, 65, '65_fh400_11.jpg'),
(655, 65, '65_fh400_12.jpg'),
(656, 65, '65_fh400_13.jpg'),
(657, 66, '66_fh400_1.jpg'),
(658, 66, '66_fh400_2.jpg'),
(659, 66, '66_fh400_3.jpg'),
(660, 66, '66_fh400_4.jpg'),
(661, 66, '66_fh400_5.jpg'),
(662, 66, '66_fh400_6.jpg'),
(663, 66, '66_fh400_7.jpg'),
(664, 66, '66_fh400_8.jpg'),
(665, 66, '66_fh400_9.jpg'),
(666, 66, '66_fh400_10.jpg'),
(667, 66, '66_fh400_11.jpg'),
(668, 66, '66_fh400_12.jpg'),
(669, 67, '67_fh400_1.jpg'),
(670, 67, '67_fh400_2.jpg'),
(671, 67, '67_fh400_3.jpg'),
(672, 67, '67_fh400_4.jpg'),
(673, 67, '67_fh400_5.jpg'),
(674, 67, '67_fh400_6.jpg'),
(675, 67, '67_fh400_7.jpg'),
(676, 67, '67_fh400_8.jpg'),
(677, 67, '67_fh400_9.jpg'),
(678, 67, '67_fh400_10.jpg'),
(679, 67, '67_fh400_11.jpg'),
(680, 67, '67_fh400_12.jpg'),
(681, 67, '67_fh400_13.jpg'),
(682, 67, '67_fh400_14.jpg'),
(683, 67, '67_fh400_15.jpg'),
(684, 68, '68_volvo-fh_1.jpg'),
(685, 68, '68_volvo-fh_2.jpg'),
(686, 68, '68_volvo-fh_3.jpg'),
(687, 68, '68_volvo-fh_4.jpg'),
(688, 68, '68_volvo-fh_5.jpg'),
(689, 68, '68_volvo-fh_6.jpg'),
(690, 68, '68_volvo-fh_7.jpg'),
(691, 68, '68_volvo-fh_8.jpg'),
(692, 68, '68_volvo-fh_9.jpg'),
(693, 68, '68_volvo-fh_10.jpg'),
(694, 69, '69_actros2546_1.jpg'),
(695, 69, '69_actros2546_2.jpg'),
(696, 69, '69_actros2546_3.jpg'),
(697, 69, '69_actros2546_4.jpg'),
(698, 69, '69_actros2546_5.jpg'),
(699, 69, '69_actros2546_6.jpg'),
(700, 69, '69_actros2546_7.jpg'),
(701, 69, '69_actros2546_8.jpg'),
(702, 69, '69_actros2546_9.jpg'),
(703, 69, '69_actros2546_10.jpg'),
(704, 69, '69_actros2546_11.jpg'),
(705, 69, '69_actros2546_12.jpg'),
(706, 69, '69_actros2546_13.jpg'),
(707, 70, '70_stralis_1.jpg'),
(708, 70, '70_stralis_2.jpg'),
(709, 70, '70_stralis_3.jpg'),
(710, 70, '70_stralis_4.jpg'),
(711, 72, '72_bitrem_1.jpg'),
(712, 72, '72_bitrem_2.jpg'),
(713, 72, '72_bitrem_3.jpg'),
(714, 72, '72_bitrem_4.jpg'),
(715, 72, '72_bitrem_5.jpg'),
(716, 72, '72_bitrem_6.jpg'),
(717, 73, '73_stralis_1.jpg'),
(718, 73, '73_stralis_2.jpg'),
(719, 73, '73_stralis_3.jpg'),
(720, 73, '73_stralis_4.jpg'),
(721, 73, '73_stralis_5.jpg'),
(722, 73, '73_stralis_6.jpg'),
(723, 74, '74_124_1.jpg'),
(724, 74, '74_124_2.jpg'),
(725, 74, '74_124_3.jpg'),
(726, 74, '74_124_4.jpg'),
(727, 74, '74_124_5.jpg'),
(728, 74, '74_124_6.jpg'),
(729, 74, '74_124_7.jpg'),
(730, 74, '74_124_8.jpg'),
(731, 74, '74_124_9.jpg'),
(732, 74, '74_124_10.jpg'),
(733, 75, '75_stralis_1.jpg'),
(734, 75, '75_stralis_2.jpg'),
(735, 75, '75_stralis_3.jpg'),
(736, 75, '75_stralis_4.jpg'),
(737, 75, '75_stralis_5.jpg'),
(738, 75, '75_stralis_6.jpg'),
(739, 75, '75_stralis_7.jpg'),
(740, 75, '75_stralis_8.jpg'),
(741, 76, '76_r420_1.jpg'),
(742, 76, '76_r420_2.jpg'),
(743, 76, '76_r420_3.jpg'),
(744, 76, '76_r420_4.jpg'),
(745, 76, '76_r420_5.jpg'),
(746, 76, '76_r420_6.jpg'),
(747, 76, '76_r420_7.jpg'),
(748, 76, '76_r420_8.jpg'),
(749, 76, '76_r420_9.jpg'),
(750, 77, '77_fh12_1.jpg'),
(751, 77, '77_fh12_2.jpg'),
(752, 77, '77_fh12_3.jpg'),
(753, 77, '77_fh12_4.jpg'),
(754, 77, '77_fh12_5.jpg'),
(755, 77, '77_fh12_6.jpg'),
(756, 77, '77_fh12_7.jpg'),
(757, 78, '78_fh420_1.jpg'),
(758, 78, '78_fh420_2.jpg'),
(759, 78, '78_fh420_3.jpg'),
(760, 78, '78_fh420_4.jpg'),
(761, 78, '78_fh420_5.jpg'),
(762, 78, '78_fh420_6.jpg'),
(763, 78, '78_fh420_1.jpg'),
(764, 78, '78_fh420_2.jpg'),
(765, 78, '78_fh420_3.jpg'),
(766, 78, '78_fh420_4.jpg'),
(767, 78, '78_fh420_5.jpg'),
(768, 78, '78_fh420_6.jpg'),
(769, 79, '79_380_1.jpg'),
(770, 79, '79_380_2.jpg'),
(771, 79, '79_380_3.jpg'),
(772, 79, '79_380_4.jpg'),
(773, 79, '79_380_5.jpg'),
(774, 79, '79_380_6.jpg'),
(775, 79, '79_380_7.jpg'),
(776, 79, '79_380_8.jpg'),
(777, 79, '79_380_9.jpg'),
(778, 79, '79_380_10.jpg'),
(779, 79, '79_380_1.jpg'),
(780, 79, '79_380_2.jpg'),
(781, 79, '79_380_3.jpg'),
(782, 79, '79_380_4.jpg'),
(783, 79, '79_380_5.jpg'),
(784, 79, '79_380_6.jpg'),
(785, 79, '79_380_7.jpg'),
(786, 79, '79_380_8.jpg'),
(787, 79, '79_380_9.jpg'),
(788, 79, '79_380_10.jpg'),
(789, 80, '80_r420_1.jpg'),
(790, 80, '80_r420_2.jpg'),
(791, 80, '80_r420_3.jpg'),
(792, 80, '80_r420_4.jpg'),
(793, 80, '80_r420_5.jpg'),
(794, 80, '80_r420_6.jpg'),
(795, 80, '80_r420_7.jpg'),
(796, 80, '80_r420_8.jpg'),
(797, 81, '81_2540_1.jpg'),
(798, 81, '81_2540_2.jpg'),
(799, 81, '81_2540_3.jpg'),
(800, 81, '81_2540_4.jpg'),
(801, 81, '81_2540_5.jpg'),
(802, 81, '81_2540_6.jpg'),
(803, 81, '81_2540_7.jpg'),
(804, 81, '81_2540_8.jpg'),
(805, 81, '81_2540_9.jpg'),
(806, 81, '81_2540_10.jpg'),
(807, 82, '83_cursor_1.jpg'),
(808, 82, '83_cursor_2.jpg'),
(809, 82, '83_cursor_3.jpg'),
(810, 82, '83_cursor_4.jpg'),
(811, 82, '83_cursor_5.jpg'),
(812, 82, '83_cursor_6.jpg'),
(813, 83, '84_mb2035_1.jpg'),
(814, 83, '84_mb2035_2.jpg'),
(815, 83, '84_mb2035_3.jpg'),
(816, 83, '84_mb2035_4.jpg'),
(817, 83, '84_mb2035_5.jpg'),
(818, 83, '84_mb2035_6.jpg'),
(819, 83, '84_mb2035_7.jpg'),
(820, 83, '84_mb2035_8.jpg'),
(821, 83, '84_mb2035_9.jpg'),
(822, 83, '84_mb2035_10.jpg'),
(833, 73, '73_stralis_7.jpg'),
(834, 73, '73_stralis_8.jpg'),
(835, 73, '73_stralis_9.jpg'),
(836, 73, '73_stralis_10.jpg'),
(837, 73, '73_stralis_11.jpg'),
(838, 84, '85_380_1.jpg'),
(839, 84, '85_380_2.jpg'),
(840, 84, '85_380_3.jpg'),
(841, 84, '85_380_4.jpg'),
(842, 84, '85_380_5.jpg'),
(843, 84, '85_380_6.jpg'),
(844, 84, '85_380_7.jpg'),
(845, 84, '85_380_8.jpg'),
(846, 84, '85_380_9.jpg'),
(847, 84, '85_380_10.jpg'),
(848, 84, '85_380_11.jpg'),
(849, 85, '86_420_1.jpg'),
(850, 85, '86_420_2.jpg'),
(851, 85, '86_420_3.jpg'),
(852, 85, '86_420_4.jpg'),
(853, 85, '86_420_5.jpg'),
(854, 86, '87_19320_1.jpg'),
(855, 86, '87_19320_2.jpg'),
(856, 86, '87_19320_3.jpg'),
(857, 86, '87_19320_4.jpg'),
(858, 86, '87_19320_5.jpg'),
(859, 86, '87_19320_6.jpg'),
(860, 86, '87_19320_7.jpg'),
(861, 86, '87_19320_8.jpg'),
(862, 87, '88_470_1.jpg'),
(863, 87, '88_470_2.jpg'),
(864, 87, '88_470_3.jpg'),
(865, 87, '88_470_4.jpg'),
(866, 87, '88_470_5.jpg'),
(867, 87, '88_470_6.jpg'),
(868, 87, '88_470_7.jpg'),
(869, 87, '88_470_8.jpg'),
(870, 87, '88_470_9.jpg'),
(871, 88, '89_19320_1.jpg'),
(872, 88, '89_19320_2.jpg'),
(873, 88, '89_19320_3.jpg'),
(874, 88, '89_19320_4.jpg'),
(875, 88, '89_19320_5.jpg'),
(876, 88, '89_19320_6.jpg'),
(877, 88, '89_19320_7.jpg'),
(878, 88, '89_19320_8.jpg'),
(879, 88, '89_19320_9.jpg'),
(880, 88, '89_19320_10.jpg'),
(881, 88, '89_19320_11.jpg'),
(882, 88, '89_19320_12.jpg'),
(883, 89, '89_2544_2.jpg'),
(884, 89, '89_2544_3.jpg'),
(885, 89, '89_2544_4.jpg'),
(886, 89, '89_2544_5.jpg'),
(887, 89, '89_2544_6.jpg'),
(888, 89, '89_2544_7.jpg'),
(889, 89, '89_2544_8.jpg'),
(890, 89, '89_2544_9.jpg'),
(891, 89, '89_2544_10.jpg'),
(892, 89, '89_2544_11.jpg'),
(893, 89, '89_2544_12.jpg'),
(894, 89, '89_2544_13.jpg'),
(895, 89, '89_2544_14.jpg'),
(896, 91, '91_01.jpg'),
(897, 91, '91_02.jpg'),
(898, 91, '91_03.jpg'),
(899, 91, '91_04.jpg'),
(900, 91, '91_05.jpg'),
(901, 91, '91_06.jpg'),
(902, 91, '91_07.jpg'),
(903, 91, '91_08.jpg'),
(904, 91, '91_09.jpg'),
(905, 91, '91_10.jpg'),
(906, 91, '91_11.jpg'),
(907, 92, '92_01.jpg'),
(908, 92, '92_02.jpg'),
(909, 92, '92_03.jpg'),
(910, 92, '92_04.jpg'),
(911, 92, '92_05.jpg'),
(912, 92, '92_06.jpg'),
(913, 92, '92_07.jpg'),
(914, 92, '92_08.jpg'),
(927, 93, '93_2544_1.jpg'),
(928, 93, '93_2544_2.jpg'),
(929, 93, '93_2544_3.jpg'),
(930, 93, '93_2544_4.jpg'),
(931, 93, '93_2544_5.jpg'),
(932, 93, '93_2544_6.jpg'),
(933, 93, '93_2544_7.jpg'),
(934, 93, '93_2544_8.jpg'),
(935, 93, '93_2544_9.jpg'),
(936, 93, '93_2544_10.jpg'),
(937, 93, '93_2544_11.jpg'),
(938, 93, '93_2544_12.jpg'),
(939, 94, '94_420_1.jpg'),
(940, 94, '94_420_2.jpg'),
(941, 94, '94_420_3.jpg'),
(942, 94, '94_420_4.jpg'),
(943, 94, '94_420_5.jpg'),
(944, 94, '94_420_6.jpg'),
(945, 94, '94_420_7.jpg'),
(946, 94, '94_420_8.jpg'),
(947, 94, '94_420_9.jpg'),
(948, 94, '94_420_10.jpg'),
(949, 95, '95_2646_1.jpg'),
(950, 95, '95_2646_2.jpg'),
(951, 95, '95_2646_3.jpg'),
(952, 95, '95_2646_4.jpg'),
(953, 95, '95_2646_5.jpg'),
(954, 95, '95_2646_6.jpg'),
(955, 95, '95_2646_7.jpg'),
(956, 95, '95_2646_8.jpg'),
(957, 95, '95_2646_9.jpg'),
(958, 95, '95_2646_10.jpg'),
(959, 95, '95_2646_11.jpg'),
(960, 95, '95_2646_12.jpg'),
(961, 96, '96_2646_1.jpg'),
(962, 96, '96_2646_2.jpg'),
(963, 96, '96_2646_3.jpg'),
(964, 96, '96_2646_4.jpg'),
(965, 96, '96_2646_5.jpg'),
(966, 96, '96_2646_6.jpg'),
(967, 96, '96_2646_7.jpg'),
(968, 96, '96_2646_8.jpg'),
(969, 96, '96_2646_9.jpg'),
(970, 96, '96_2646_10.jpg'),
(971, 96, '96_2646_11.jpg'),
(972, 96, '96_2646_12.jpg'),
(973, 97, '97_g380_1.jpg'),
(974, 97, '97_g380_2.jpg'),
(975, 97, '97_g380_3.jpg'),
(976, 97, '97_g380_4.jpg'),
(977, 97, '97_g380_5.jpg'),
(978, 97, '97_g380_6.jpg'),
(979, 97, '97_g380_7.jpg'),
(980, 97, '97_g380_8.jpg'),
(981, 97, '97_g380_9.jpg'),
(982, 97, '97_g380_10.jpg'),
(983, 98, '98_p310_1.jpg'),
(984, 98, '98_p310_2.jpg'),
(985, 98, '98_p310_3.jpg'),
(986, 98, '98_p310_4.jpg'),
(987, 98, '98_p310_5.jpg'),
(988, 98, '98_p310_6.jpg'),
(989, 99, '99_g380_1.jpg'),
(990, 99, '99_g380_2.jpg'),
(991, 99, '99_g380_3.jpg'),
(992, 99, '99_g380_4.jpg'),
(993, 99, '99_g380_5.jpg'),
(994, 99, '99_g380_6.jpg'),
(995, 99, '99_g380_7.jpg'),
(996, 99, '99_g380_8.jpg'),
(997, 99, '99_g380_9.jpg'),
(998, 99, '99_g380_10.jpg'),
(999, 99, '99_g380_11.jpg'),
(1000, 99, '99_g380_12.jpg'),
(1001, 99, '99_g380_13.jpg'),
(1002, 100, '100_fh_400_1.jpg'),
(1003, 100, '100_fh_400_2.jpg'),
(1004, 100, '100_fh_400_3.jpg'),
(1005, 100, '100_fh_400_4.jpg'),
(1006, 100, '100_fh_400_5.jpg'),
(1007, 100, '100_fh_400_6.jpg'),
(1008, 100, '100_fh_400_7.jpg'),
(1009, 100, '100_fh_400_8.jpg'),
(1010, 100, '100_fh_400_9.jpg'),
(1011, 101, '101_fh_400_1.jpg'),
(1012, 101, '101_fh_400_2.jpg'),
(1013, 101, '101_fh_400_3.jpg'),
(1014, 101, '101_fh_400_4.jpg'),
(1015, 101, '101_fh_400_5.jpg'),
(1016, 101, '101_fh_400_6.jpg'),
(1017, 101, '101_fh_400_7.jpg'),
(1018, 101, '101_fh_400_8.jpg'),
(1019, 101, '101_fh_400_9.jpg'),
(1020, 101, '101_fh_400_10.jpg'),
(1021, 101, '101_fh_400_11.jpg'),
(1022, 101, '101_fh_400_12.jpg'),
(1023, 101, '101_fh_400_13.jpg'),
(1024, 101, '101_fh_400_14.jpg'),
(1025, 101, '101_fh_400_15.jpg'),
(1026, 102, '102_fh_400_1.jpg'),
(1027, 102, '102_fh_400_2.jpg'),
(1028, 102, '102_fh_400_3.jpg'),
(1029, 102, '102_fh_400_4.jpg'),
(1030, 102, '102_fh_400_5.jpg'),
(1031, 102, '102_fh_400_6.jpg'),
(1032, 102, '102_fh_400_7.jpg'),
(1033, 102, '102_fh_400_8.jpg'),
(1034, 102, '102_fh_400_9.jpg'),
(1035, 102, '102_fh_400_10.jpg'),
(1036, 102, '102_fh_400_11.jpg'),
(1037, 102, '102_fh_400_12.jpg'),
(1038, 102, '102_fh_400_13.jpg'),
(1039, 104, '104_reboque_1.jpg'),
(1040, 104, '104_reboque_2.jpg'),
(1041, 104, '104_reboque_3.jpg'),
(1042, 104, '104_reboque_4.jpg'),
(1043, 104, '104_reboque_5.jpg'),
(1044, 104, '104_reboque_6.jpg'),
(1045, 104, '104_reboque_7.jpg'),
(1046, 104, '104_reboque_8.jpg'),
(1047, 104, '104_reboque_9.jpg'),
(1048, 103, '103_fh440_1.jpg'),
(1049, 103, '103_fh440_2.jpg'),
(1050, 103, '103_fh440_3.jpg');

-- --------------------------------------------------------

--
-- Table structure for table `marcas`
--

CREATE TABLE `marcas` (
  `id_marca` int(11) NOT NULL,
  `nome_marca` varchar(200) COLLATE utf8_unicode_ci NOT NULL
) ENGINE=InnoDB DEFAULT CHARSET=utf8 COLLATE=utf8_unicode_ci;

--
-- RELATIONSHIPS FOR TABLE `marcas`:
--

--
-- Dumping data for table `marcas`
--

INSERT INTO `marcas` (`id_marca`, `nome_marca`) VALUES
(1, 'Scania'),
(2, 'Volvo'),
(3, 'Iveco'),
(4, 'GM'),
(5, 'Mercedes-Benz'),
(6, 'Ford'),
(7, 'Volkswagen'),
(8, 'Librelato');

-- --------------------------------------------------------

--
-- Table structure for table `newsletter`
--

CREATE TABLE `newsletter` (
  `id` int(11) NOT NULL,
  `nome_cliente` varchar(250) COLLATE utf8_unicode_ci NOT NULL,
  `email_cliente` varchar(255) COLLATE utf8_unicode_ci NOT NULL
) ENGINE=InnoDB DEFAULT CHARSET=utf8 COLLATE=utf8_unicode_ci;

--
-- RELATIONSHIPS FOR TABLE `newsletter`:
--

--
-- Dumping data for table `newsletter`
--

INSERT INTO `newsletter` (`id`, `nome_cliente`, `email_cliente`) VALUES
(1, 'Johan', 'johanguse@gmail.com'),
(2, 'Marcio', 'marciomaringa21@hotmail.com'),
(4, 'marcio', 'mpp.ourinhos@hotmail.com'),
(5, 'Osni Antonio Felski', 'osnifelski@hotmail.com'),
(6, 'uneliton martins borges', 'multimarcasbj@hotmail.com'),
(7, 'Claudemir Luiz montanheri', 'Claudemirluiz95@gmail.com'),
(8, 'Cilas Ricardo', 'cilas.ricardo@gmail.com'),
(9, 'XLtransporte ', 'jonixtransporte@hotmail.com'),
(10, 'Ze carlos', 'Szecarlos69@gmail.com'),
(11, 'Romulo Bomfim', 'romulobsantos1@gmail.com'),
(12, 'Hugner Medeiros Teixeira', 'hugnermedeiros@outlook.com'),
(13, 'Rui carlos schmidt', 'schmidtinter@hotmail.com'),
(14, 'Rodrigo', 'Rodrigo.nascimentorl@yahoo.com.br'),
(15, 'Lindomar Antônio viegas martins ', 'Kabeludo69@hotmail.com.br'),
(16, 'vagner', 'tavarestransportesjm@gmail.com'),
(17, 'jakson', 'jatec.13.8@gmail.com'),
(18, 'Franco Xavier', 'Jonixtransporte@gmail.com'),
(19, 'Adriano', 'Lilotoledo1970@gmail.com'),
(20, 'Douglas Renan Friske Schwiderke', 'douglasschwiderde@gmail.com'),
(21, 'Deuzimar Dutra de Oliveira ', 'laurianealmeida@yahoo.com.br'),
(22, 'Alexandre', 'le.trassi@yahoo.com.br'),
(23, 'leandrocosta12345@hotmail.com', 'leandrocosta12345@hotmail.com'),
(24, 'Nilson Souza ', 'nilsonss83@outlook.com'),
(25, 'Edgley', 'marcioedgley@gmail.com'),
(26, 'Janilton sergio lima', 'Janiltonlima56@hotmai.com'),
(27, 'Cristiane ', 'krikazenty@bol.com.br'),
(28, 'José Manoel da Silva Filho', 'zemanoel22@live.com'),
(29, 'Leomar', 'Pr.leomarcs@gmail.com'),
(30, 'Hernane Pereira', 'hernanepsantos9@gmail.com'),
(31, 'rodoabelharepreentacoes@gmail.com', 'rodoabelharepresentacoes@gmail.com'),
(32, 'Janilton sergio lima', 'janiltonlima56@hotmail.com'),
(33, 'Jose Henrique', 'Josehenrique673913@gmail.com'),
(34, 'Waldir moreira da silva', 'Waldir.moreira003@gmail.com'),
(35, 'Valdeir Gonçalves Pereira', 'valdeirpereira2002@gmail.com'),
(36, 'Diovanni Morelli', 'diovaani@hotmail.com'),
(37, 'Gilberto Pereiras ', 'Gibbapereira@gmail.com'),
(38, 'Luiz Carlos Velo', 'luca.velo@hotmail.com');

-- --------------------------------------------------------

--
-- Table structure for table `users`
--

CREATE TABLE `users` (
  `id` int(11) NOT NULL,
  `username` varchar(255) COLLATE utf8_unicode_ci NOT NULL,
  `email` varchar(255) COLLATE utf8_unicode_ci NOT NULL,
  `password` varchar(255) COLLATE utf8_unicode_ci NOT NULL,
  `role` varchar(255) COLLATE utf8_unicode_ci DEFAULT NULL,
  `createdAt` datetime NOT NULL,
  `updatedAt` datetime NOT NULL
) ENGINE=InnoDB DEFAULT CHARSET=utf8 COLLATE=utf8_unicode_ci;

--
-- RELATIONSHIPS FOR TABLE `users`:
--

--
-- Dumping data for table `users`
--

INSERT INTO `users` (`id`, `username`, `email`, `password`, `role`, `createdAt`, `updatedAt`) VALUES
(1, 'dudu', 'johanguse@gmail.com', '$2b$10$qdqpTX.YtKQQO/5fh.R8IOqGQQT/ZzlBHKnixxUWWf6MYfGsSETFO', 'ADMIN', '2019-04-26 06:00:19', '2019-04-27 01:00:05'),
(3, 'johanguse', 'admin@admin.com.br', '$2b$10$qdqpTX.YtKQQO/5fh.R8IOqGQQT/ZzlBHKnixxUWWf6MYfGsSETFO', NULL, '2019-04-27 18:46:58', '2019-04-27 18:46:58');

--
-- Indexes for dumped tables
--

--
-- Indexes for table `caminhao`
--
ALTER TABLE `caminhao`
  ADD PRIMARY KEY (`id_caminhao`),
  ADD KEY `marca_caminhao_ibfk_1` (`id_marca`),
  ADD KEY `id_user` (`id_user`);

--
-- Indexes for table `fotos_caminhoes`
--
ALTER TABLE `fotos_caminhoes`
  ADD PRIMARY KEY (`id_foto`),
  ADD KEY `id_caminhao` (`id_caminhao`);

--
-- Indexes for table `marcas`
--
ALTER TABLE `marcas`
  ADD PRIMARY KEY (`id_marca`);

--
-- Indexes for table `newsletter`
--
ALTER TABLE `newsletter`
  ADD PRIMARY KEY (`id`),
  ADD KEY `id` (`id`);

--
-- Indexes for table `users`
--
ALTER TABLE `users`
  ADD PRIMARY KEY (`id`),
  ADD UNIQUE KEY `username` (`username`),
  ADD UNIQUE KEY `email` (`email`);

--
-- AUTO_INCREMENT for dumped tables
--

--
-- AUTO_INCREMENT for table `caminhao`
--
ALTER TABLE `caminhao`
  MODIFY `id_caminhao` int(11) NOT NULL AUTO_INCREMENT, AUTO_INCREMENT=105;
--
-- AUTO_INCREMENT for table `fotos_caminhoes`
--
ALTER TABLE `fotos_caminhoes`
  MODIFY `id_foto` int(11) NOT NULL AUTO_INCREMENT, AUTO_INCREMENT=1051;
--
-- AUTO_INCREMENT for table `marcas`
--
ALTER TABLE `marcas`
  MODIFY `id_marca` int(11) NOT NULL AUTO_INCREMENT, AUTO_INCREMENT=9;
--
-- AUTO_INCREMENT for table `newsletter`
--
ALTER TABLE `newsletter`
  MODIFY `id` int(11) NOT NULL AUTO_INCREMENT, AUTO_INCREMENT=39;
--
-- AUTO_INCREMENT for table `users`
--
ALTER TABLE `users`
  MODIFY `id` int(11) NOT NULL AUTO_INCREMENT, AUTO_INCREMENT=4;
--
-- Constraints for dumped tables
--

--
-- Constraints for table `caminhao`
--
ALTER TABLE `caminhao`
  ADD CONSTRAINT `caminhao_ibfk_1` FOREIGN KEY (`id_user`) REFERENCES `users` (`id`),
  ADD CONSTRAINT `marca_caminhao_ibfk_1` FOREIGN KEY (`id_marca`) REFERENCES `marcas` (`id_marca`);

--
-- Constraints for table `fotos_caminhoes`
--
ALTER TABLE `fotos_caminhoes`
  ADD CONSTRAINT `fotos_caminhao_ibfk_1` FOREIGN KEY (`id_caminhao`) REFERENCES `caminhao` (`id_caminhao`) ON DELETE CASCADE ON UPDATE CASCADE;
COMMIT;

/*!40101 SET CHARACTER_SET_CLIENT=@OLD_CHARACTER_SET_CLIENT */;
/*!40101 SET CHARACTER_SET_RESULTS=@OLD_CHARACTER_SET_RESULTS */;
/*!40101 SET COLLATION_CONNECTION=@OLD_COLLATION_CONNECTION */;
